country,year,gdp_per_capita
Afghanistan,2000,687
Afghanistan,2001,646
Afghanistan,2002,1020
Afghanistan,2003,1060
Afghanistan,2004,1030
Afghanistan,2005,1100
Afghanistan,2006,1120
Afghanistan,2007,1250
Afghanistan,2008,1270
Afghanistan,2009,1500
Afghanistan,2010,1670
Afghanistan,2011,1630
Afghanistan,2012,1770
Afghanistan,2013,1810
Afghanistan,2014,1800
Afghanistan,2015,1770
Afghanistan,2016,1760
Afghanistan,2017,1760
Afghanistan,2018,1740
Albania,2000,5440
Albania,2001,5950
Albania,2002,6240
Albania,2003,6610
Albania,2004,7000
Albania,2005,7430
Albania,2006,7910
Albania,2007,8450
Albania,2008,9160
Albania,2009,9530
Albania,2010,9930
Albania,2011,10200
Albania,2012,10400
Albania,2013,10500
Albania,2014,10700
Albania,2015,11000
Albania,2016,11400
Albania,2017,11800
Albania,2018,12300
Algeria,2000,10300
Algeria,2001,10400
Algeria,2002,10900
Algeria,2003,11500
Algeria,2004,11800
Algeria,2005,12400
Algeria,2006,12400
Algeria,2007,12600
Algeria,2008,12700
Algeria,2009,12700
Algeria,2010,12900
Algeria,2011,13000
Algeria,2012,13200
Algeria,2013,13300
Algeria,2014,13500
Algeria,2015,13800
Algeria,2016,13900
Algeria,2017,13900
Algeria,2018,13900
Andorra,2000,31700
Andorra,2001,31800
Andorra,2002,31900
Andorra,2003,34500
Andorra,2004,36300
Andorra,2005,39800
Andorra,2006,42700
Andorra,2007,43400
Andorra,2008,41400
Andorra,2009,41700
Andorra,2010,39000
Andorra,2011,42000
Andorra,2012,41900
Andorra,2013,43700
Andorra,2014,44900
Andorra,2015,46600
Andorra,2016,48200
Andorra,2017,49800
Andorra,2018,51500
Angola,2000,3890
Angola,2001,3920
Angola,2002,4320
Angola,2003,4300
Angola,2004,4610
Angola,2005,5110
Angola,2006,5500
Angola,2007,6040
Angola,2008,6470
Angola,2009,6290
Angola,2010,6360
Angola,2011,6350
Angola,2012,6650
Angola,2013,6730
Angola,2014,6810
Angola,2015,6650
Angola,2016,6260
Angola,2017,6050
Angola,2018,5730
Antigua and Barbuda,2000,20800
Antigua and Barbuda,2001,19500
Antigua and Barbuda,2002,19400
Antigua and Barbuda,2003,20300
Antigua and Barbuda,2004,21200
Antigua and Barbuda,2005,22200
Antigua and Barbuda,2006,24700
Antigua and Barbuda,2007,26500
Antigua and Barbuda,2008,26100
Antigua and Barbuda,2009,22600
Antigua and Barbuda,2010,20700
Antigua and Barbuda,2011,20000
Antigua and Barbuda,2012,20400
Antigua and Barbuda,2013,20100
Antigua and Barbuda,2014,20800
Antigua and Barbuda,2015,21400
Antigua and Barbuda,2016,22400
Antigua and Barbuda,2017,22900
Antigua and Barbuda,2018,23800
Argentina,2000,15000
Argentina,2001,14200
Argentina,2002,12500
Argentina,2003,13400
Argentina,2004,14500
Argentina,2005,15600
Argentina,2006,16700
Argentina,2007,18000
Argentina,2008,18600
Argentina,2009,17300
Argentina,2010,18900
Argentina,2011,19800
Argentina,2012,19400
Argentina,2013,19600
Argentina,2014,18900
Argentina,2015,19200
Argentina,2016,18600
Argentina,2017,18900
Argentina,2018,18300
Armenia,2000,2930
Armenia,2001,3220
Armenia,2002,3670
Armenia,2003,4210
Armenia,2004,4670
Armenia,2005,5360
Armenia,2006,6110
Armenia,2007,7010
Armenia,2008,7560
Armenia,2009,6530
Armenia,2010,6700
Armenia,2011,7020
Armenia,2012,7510
Armenia,2013,7720
Armenia,2014,7950
Armenia,2015,8170
Armenia,2016,8160
Armenia,2017,8750
Armenia,2018,9180
Australia,2000,35400
Australia,2001,35600
Australia,2002,36600
Australia,2003,37200
Australia,2004,38300
Australia,2005,39000
Australia,2006,39500
Australia,2007,40700
Australia,2008,41400
Australia,2009,41300
Australia,2010,41500
Australia,2011,42000
Australia,2012,42800
Australia,2013,43200
Australia,2014,43700
Australia,2015,44100
Australia,2016,44600
Australia,2017,44900
Australia,2018,45400
Austria,2000,38800
Austria,2001,39200
Austria,2002,39600
Austria,2003,39800
Austria,2004,40700
Austria,2005,41300
Austria,2006,42500
Austria,2007,43900
Austria,2008,44400
Austria,2009,42700
Austria,2010,43300
Austria,2011,44500
Austria,2012,44600
Austria,2013,44300
Austria,2014,44200
Austria,2015,44300
Austria,2016,44700
Austria,2017,45500
Austria,2018,46500
Azerbaijan,2000,4600
Azerbaijan,2001,5020
Azerbaijan,2002,5450
Azerbaijan,2003,5970
Azerbaijan,2004,6460
Azerbaijan,2005,8180
Azerbaijan,2006,10900
Azerbaijan,2007,13500
Azerbaijan,2008,14600
Azerbaijan,2009,15700
Azerbaijan,2010,16200
Azerbaijan,2011,15800
Azerbaijan,2012,15900
Azerbaijan,2013,16600
Azerbaijan,2014,16900
Azerbaijan,2015,16800
Azerbaijan,2016,16100
Azerbaijan,2017,15900
Azerbaijan,2018,16000
Bahamas,2000,33000
Bahamas,2001,33300
Bahamas,2002,33700
Bahamas,2003,32700
Bahamas,2004,32400
Bahamas,2005,32800
Bahamas,2006,33000
Bahamas,2007,32900
Bahamas,2008,31500
Bahamas,2009,29700
Bahamas,2010,29700
Bahamas,2011,29500
Bahamas,2012,30100
Bahamas,2013,29700
Bahamas,2014,29300
Bahamas,2015,29400
Bahamas,2016,28600
Bahamas,2017,28700
Bahamas,2018,28800
Bahrain,2000,44900
Bahrain,2001,43900
Bahrain,2002,43100
Bahrain,2003,43200
Bahrain,2004,43400
Bahrain,2005,43200
Bahrain,2006,42700
Bahrain,2007,42800
Bahrain,2008,42200
Bahrain,2009,40700
Bahrain,2010,40600
Bahrain,2011,40200
Bahrain,2012,41000
Bahrain,2013,42700
Bahrain,2014,43800
Bahrain,2015,43900
Bahrain,2016,43700
Bahrain,2017,43300
Bahrain,2018,42000
Bangladesh,2000,1690
Bangladesh,2001,1750
Bangladesh,2002,1780
Bangladesh,2003,1830
Bangladesh,2004,1900
Bangladesh,2005,1990
Bangladesh,2006,2100
Bangladesh,2007,2220
Bangladesh,2008,2320
Bangladesh,2009,2410
Bangladesh,2010,2520
Bangladesh,2011,2650
Bangladesh,2012,2790
Bangladesh,2013,2930
Bangladesh,2014,3070
Bangladesh,2015,3230
Bangladesh,2016,3420
Bangladesh,2017,3630
Bangladesh,2018,3880
Barbados,2000,15400
Barbados,2001,15000
Barbados,2002,15000
Barbados,2003,15300
Barbados,2004,15500
Barbados,2005,16000
Barbados,2006,16900
Barbados,2007,17100
Barbados,2008,17000
Barbados,2009,16300
Barbados,2010,16300
Barbados,2011,16300
Barbados,2012,16300
Barbados,2013,16300
Barbados,2014,16300
Barbados,2015,16400
Barbados,2016,16700
Barbados,2017,16800
Barbados,2018,16700
Belarus,2000,7570
Belarus,2001,7970
Belarus,2002,8430
Belarus,2003,9090
Belarus,2004,10200
Belarus,2005,11200
Belarus,2006,12400
Belarus,2007,13600
Belarus,2008,15000
Belarus,2009,15100
Belarus,2010,16300
Belarus,2011,17200
Belarus,2012,17500
Belarus,2013,17600
Belarus,2014,17900
Belarus,2015,17200
Belarus,2016,16800
Belarus,2017,17200
Belarus,2018,17700
Belgium,2000,37200
Belgium,2001,37400
Belgium,2002,37900
Belgium,2003,38000
Belgium,2004,39200
Belgium,2005,39800
Belgium,2006,40500
Belgium,2007,41600
Belgium,2008,41600
Belgium,2009,40400
Belgium,2010,41100
Belgium,2011,41300
Belgium,2012,41100
Belgium,2013,41000
Belgium,2014,41300
Belgium,2015,41800
Belgium,2016,42200
Belgium,2017,42800
Belgium,2018,43200
Belize,2000,6950
Belize,2001,7080
Belize,2002,7240
Belize,2003,7700
Belize,2004,7860
Belize,2005,7850
Belize,2006,8000
Belize,2007,7880
Belize,2008,7930
Belize,2009,7780
Belize,2010,7850
Belize,2011,7830
Belize,2012,7880
Belize,2013,7770
Belize,2014,7880
Belize,2015,7980
Belize,2016,7770
Belize,2017,7730
Belize,2018,7810
Benin,2000,1670
Benin,2001,1700
Benin,2002,1730
Benin,2003,1740
Benin,2004,1760
Benin,2005,1740
Benin,2006,1750
Benin,2007,1810
Benin,2008,1840
Benin,2009,1830
Benin,2010,1820
Benin,2011,1820
Benin,2012,1860
Benin,2013,1940
Benin,2014,2000
Benin,2015,1990
Benin,2016,2010
Benin,2017,2070
Benin,2018,2150
Bhutan,2000,3430
Bhutan,2001,3640
Bhutan,2002,3950
Bhutan,2003,4170
Bhutan,2004,4340
Bhutan,2005,4580
Bhutan,2006,4830
Bhutan,2007,5630
Bhutan,2008,5840
Bhutan,2009,6160
Bhutan,2010,6810
Bhutan,2011,7270
Bhutan,2012,7550
Bhutan,2013,7620
Bhutan,2014,7950
Bhutan,2015,8380
Bhutan,2016,8940
Bhutan,2017,9250
Bhutan,2018,9350
Bolivia,2000,4370
Bolivia,2001,4360
Bolivia,2002,4390
Bolivia,2003,4420
Bolivia,2004,4520
Bolivia,2005,4640
Bolivia,2006,4780
Bolivia,2007,4910
Bolivia,2008,5130
Bolivia,2009,5210
Bolivia,2010,5340
Bolivia,2011,5530
Bolivia,2012,5720
Bolivia,2013,6010
Bolivia,2014,6240
Bolivia,2015,6440
Bolivia,2016,6620
Bolivia,2017,6800
Bolivia,2018,6990
Bosnia and Herzegovina,2000,6350
Bosnia and Herzegovina,2001,6620
Bosnia and Herzegovina,2002,6970
Bosnia and Herzegovina,2003,7240
Bosnia and Herzegovina,2004,7680
Bosnia and Herzegovina,2005,8350
Bosnia and Herzegovina,2006,8800
Bosnia and Herzegovina,2007,9320
Bosnia and Herzegovina,2008,9850
Bosnia and Herzegovina,2009,9600
Bosnia and Herzegovina,2010,9760
Bosnia and Herzegovina,2011,9980
Bosnia and Herzegovina,2012,10000
Bosnia and Herzegovina,2013,10500
Bosnia and Herzegovina,2014,10800
Bosnia and Herzegovina,2015,11300
Bosnia and Herzegovina,2016,11800
Bosnia and Herzegovina,2017,12300
Bosnia and Herzegovina,2018,12800
Botswana,2000,10700
Botswana,2001,10500
Botswana,2002,11000
Botswana,2003,11300
Botswana,2004,11400
Botswana,2005,11700
Botswana,2006,12400
Botswana,2007,13200
Botswana,2008,13700
Botswana,2009,12400
Botswana,2010,13200
Botswana,2011,13800
Botswana,2012,14300
Botswana,2013,15700
Botswana,2014,16200
Botswana,2015,15700
Botswana,2016,16000
Botswana,2017,16200
Botswana,2018,16500
Brazil,2000,11400
Brazil,2001,11400
Brazil,2002,11600
Brazil,2003,11600
Brazil,2004,12100
Brazil,2005,12400
Brazil,2006,12700
Brazil,2007,13300
Brazil,2008,13900
Brazil,2009,13700
Brazil,2010,14600
Brazil,2011,15100
Brazil,2012,15200
Brazil,2013,15500
Brazil,2014,15500
Brazil,2015,14800
Brazil,2016,14200
Brazil,2017,14200
Brazil,2018,14300
Brunei,2000,82100
Brunei,2001,82600
Brunei,2002,84100
Brunei,2003,85000
Brunei,2004,84000
Brunei,2005,83000
Brunei,2006,85400
Brunei,2007,84500
Brunei,2008,81900
Brunei,2009,79500
Brunei,2010,80600
Brunei,2011,82500
Brunei,2012,82200
Brunei,2013,79300
Brunei,2014,76400
Brunei,2015,75100
Brunei,2016,72400
Brunei,2017,72500
Brunei,2018,71800
Bulgaria,2000,8830
Bulgaria,2001,9350
Bulgaria,2002,10100
Bulgaria,2003,10700
Bulgaria,2004,11500
Bulgaria,2005,12400
Bulgaria,2006,13400
Bulgaria,2007,14500
Bulgaria,2008,15400
Bulgaria,2009,15000
Bulgaria,2010,15300
Bulgaria,2011,15700
Bulgaria,2012,15800
Bulgaria,2013,15900
Bulgaria,2014,16300
Bulgaria,2015,17000
Bulgaria,2016,17800
Bulgaria,2017,18600
Bulgaria,2018,19300
Burkina Faso,2000,1080
Burkina Faso,2001,1110
Burkina Faso,2002,1130
Burkina Faso,2003,1180
Burkina Faso,2004,1200
Burkina Faso,2005,1270
Burkina Faso,2006,1310
Burkina Faso,2007,1340
Burkina Faso,2008,1390
Burkina Faso,2009,1390
Burkina Faso,2010,1420
Burkina Faso,2011,1470
Burkina Faso,2012,1520
Burkina Faso,2013,1560
Burkina Faso,2014,1580
Burkina Faso,2015,1600
Burkina Faso,2016,1640
Burkina Faso,2017,1700
Burkina Faso,2018,1760
Burundi,2000,718
Burundi,2001,716
Burundi,2002,728
Burundi,2003,698
Burundi,2004,709
Burundi,2005,693
Burundi,2006,707
Burundi,2007,707
Burundi,2008,718
Burundi,2009,721
Burundi,2010,734
Burundi,2011,739
Burundi,2012,748
Burundi,2013,761
Burundi,2014,768
Burundi,2015,716
Burundi,2016,689
Burundi,2017,671
Burundi,2018,660
Cambodia,2000,1390
Cambodia,2001,1460
Cambodia,2002,1530
Cambodia,2003,1630
Cambodia,2004,1770
Cambodia,2005,1970
Cambodia,2006,2150
Cambodia,2007,2330
Cambodia,2008,2450
Cambodia,2009,2420
Cambodia,2010,2520
Cambodia,2011,2660
Cambodia,2012,2810
Cambodia,2013,2960
Cambodia,2014,3120
Cambodia,2015,3290
Cambodia,2016,3470
Cambodia,2017,3650
Cambodia,2018,3870
Cameroon,2000,2560
Cameroon,2001,2610
Cameroon,2002,2650
Cameroon,2003,2690
Cameroon,2004,2800
Cameroon,2005,2780
Cameroon,2006,2800
Cameroon,2007,2860
Cameroon,2008,2880
Cameroon,2009,2860
Cameroon,2010,2880
Cameroon,2011,2910
Cameroon,2012,2970
Cameroon,2013,3040
Cameroon,2014,3130
Cameroon,2015,3220
Cameroon,2016,3290
Cameroon,2017,3310
Cameroon,2018,3350
Canada,2000,37500
Canada,2001,37800
Canada,2002,38500
Canada,2003,38800
Canada,2004,39700
Canada,2005,40600
Canada,2006,41200
Canada,2007,41600
Canada,2008,41600
Canada,2009,39900
Canada,2010,40700
Canada,2011,41600
Canada,2012,41800
Canada,2013,42400
Canada,2014,43100
Canada,2015,43100
Canada,2016,43100
Canada,2017,43900
Canada,2018,44100
Cape Verde,2000,3900
Cape Verde,2001,3920
Cape Verde,2002,4050
Cape Verde,2003,4160
Cape Verde,2004,4510
Cape Verde,2005,4760
Cape Verde,2006,5070
Cape Verde,2007,5770
Cape Verde,2008,6080
Cape Verde,2009,5930
Cape Verde,2010,5940
Cape Verde,2011,6100
Cape Verde,2012,6090
Cape Verde,2013,6060
Cape Verde,2014,6020
Cape Verde,2015,6010
Cape Verde,2016,6210
Cape Verde,2017,6390
Cape Verde,2018,6660
Central African Republic,2000,851
Central African Republic,2001,869
Central African Republic,2002,881
Central African Republic,2003,817
Central African Republic,2004,849
Central African Republic,2005,840
Central African Republic,2006,863
Central African Republic,2007,885
Central African Republic,2008,888
Central African Republic,2009,950
Central African Republic,2010,982
Central African Republic,2011,1020
Central African Republic,2012,1060
Central African Republic,2013,678
Central African Republic,2014,677
Central African Republic,2015,703
Central African Republic,2016,731
Central African Republic,2017,754
Central African Republic,2018,775
Chad,2000,992
Chad,2001,1070
Chad,2002,1110
Chad,2003,1230
Chad,2004,1580
Chad,2005,1790
Chad,2006,1740
Chad,2007,1740
Chad,2008,1730
Chad,2009,1740
Chad,2010,1920
Chad,2011,1850
Chad,2012,1950
Chad,2013,1990
Chad,2014,2060
Chad,2015,2050
Chad,2016,1860
Chad,2017,1750
Chad,2018,1750
Chile,2000,14200
Chile,2001,14500
Chile,2002,14800
Chile,2003,15300
Chile,2004,16200
Chile,2005,17000
Chile,2006,17900
Chile,2007,18500
Chile,2008,19000
Chile,2009,18500
Chile,2010,19400
Chile,2011,20300
Chile,2012,21200
Chile,2013,21900
Chile,2014,22000
Chile,2015,22300
Chile,2016,22300
Chile,2017,22300
Chile,2018,22900
China,2000,3690
China,2001,3970
China,2002,4300
China,2003,4710
China,2004,5150
China,2005,5700
China,2006,6390
China,2007,7260
China,2008,7930
China,2009,8630
China,2010,9500
China,2011,10400
China,2012,11100
China,2013,11900
China,2014,12700
China,2015,13500
China,2016,14400
China,2017,15300
China,2018,16200
Colombia,2000,8410
Colombia,2001,8420
Colombia,2002,8500
Colombia,2003,8710
Colombia,2004,9040
Colombia,2005,9340
Colombia,2006,9840
Colombia,2007,10400
Colombia,2008,10600
Colombia,2009,10600
Colombia,2010,11000
Colombia,2011,11700
Colombia,2012,12000
Colombia,2013,12400
Colombia,2014,12900
Colombia,2015,13100
Colombia,2016,13200
Colombia,2017,13200
Colombia,2018,13300
Comoros,2000,2390
Comoros,2001,2390
Comoros,2002,2380
Comoros,2003,2380
Comoros,2004,2360
Comoros,2005,2370
Comoros,2006,2380
Comoros,2007,2340
Comoros,2008,2380
Comoros,2009,2390
Comoros,2010,2430
Comoros,2011,2470
Comoros,2012,2480
Comoros,2013,2530
Comoros,2014,2530
Comoros,2015,2490
Comoros,2016,2490
Comoros,2017,2500
Comoros,2018,2510
"Congo, Dem. Rep.",2000,573
"Congo, Dem. Rep.",2001,545
"Congo, Dem. Rep.",2002,545
"Congo, Dem. Rep.",2003,558
"Congo, Dem. Rep.",2004,577
"Congo, Dem. Rep.",2005,594
"Congo, Dem. Rep.",2006,605
"Congo, Dem. Rep.",2007,623
"Congo, Dem. Rep.",2008,640
"Congo, Dem. Rep.",2009,637
"Congo, Dem. Rep.",2010,660
"Congo, Dem. Rep.",2011,682
"Congo, Dem. Rep.",2012,706
"Congo, Dem. Rep.",2013,741
"Congo, Dem. Rep.",2014,785
"Congo, Dem. Rep.",2015,812
"Congo, Dem. Rep.",2016,805
"Congo, Dem. Rep.",2017,808
"Congo, Dem. Rep.",2018,827
"Congo, Rep.",2000,4620
"Congo, Rep.",2001,4660
"Congo, Rep.",2002,4740
"Congo, Rep.",2003,4640
"Congo, Rep.",2004,4660
"Congo, Rep.",2005,4870
"Congo, Rep.",2006,5000
"Congo, Rep.",2007,4760
"Congo, Rep.",2008,4850
"Congo, Rep.",2009,5050
"Congo, Rep.",2010,5320
"Congo, Rep.",2011,5350
"Congo, Rep.",2012,5420
"Congo, Rep.",2013,5470
"Congo, Rep.",2014,5700
"Congo, Rep.",2015,5700
"Congo, Rep.",2016,5400
"Congo, Rep.",2017,5100
"Congo, Rep.",2018,5020
Costa Rica,2000,9790
Costa Rica,2001,9950
Costa Rica,2002,10100
Costa Rica,2003,10400
Costa Rica,2004,10700
Costa Rica,2005,10900
Costa Rica,2006,11600
Costa Rica,2007,12300
Costa Rica,2008,12700
Costa Rica,2009,12500
Costa Rica,2010,12900
Costa Rica,2011,13300
Costa Rica,2012,13800
Costa Rica,2013,13900
Costa Rica,2014,14300
Costa Rica,2015,14600
Costa Rica,2016,15100
Costa Rica,2017,15400
Costa Rica,2018,15700
Cote d'Ivoire,2000,2990
Cote d'Ivoire,2001,2920
Cote d'Ivoire,2002,2810
Cote d'Ivoire,2003,2710
Cote d'Ivoire,2004,2690
Cote d'Ivoire,2005,2680
Cote d'Ivoire,2006,2660
Cote d'Ivoire,2007,2650
Cote d'Ivoire,2008,2660
Cote d'Ivoire,2009,2680
Cote d'Ivoire,2010,2670
Cote d'Ivoire,2011,2500
Cote d'Ivoire,2012,2700
Cote d'Ivoire,2013,2860
Cote d'Ivoire,2014,3040
Cote d'Ivoire,2015,3230
Cote d'Ivoire,2016,3400
Cote d'Ivoire,2017,3570
Cote d'Ivoire,2018,3730
Croatia,2000,15600
Croatia,2001,16800
Croatia,2002,17600
Croatia,2003,18600
Croatia,2004,19300
Croatia,2005,20100
Croatia,2006,21100
Croatia,2007,22200
Croatia,2008,22600
Croatia,2009,21000
Croatia,2010,20800
Croatia,2011,20800
Croatia,2012,20300
Croatia,2013,20300
Croatia,2014,20400
Croatia,2015,21000
Croatia,2016,21900
Croatia,2017,22800
Croatia,2018,23600
Cuba,2000,4880
Cuba,2001,5060
Cuba,2002,5130
Cuba,2003,5200
Cuba,2004,5170
Cuba,2005,5250
Cuba,2006,5920
Cuba,2007,6050
Cuba,2008,6340
Cuba,2009,6480
Cuba,2010,6700
Cuba,2011,6930
Cuba,2012,7140
Cuba,2013,7380
Cuba,2014,7630
Cuba,2015,7890
Cuba,2016,7890
Cuba,2017,7890
Cuba,2018,7890
Cyprus,2000,29400
Cyprus,2001,30200
Cyprus,2002,31000
Cyprus,2003,31400
Cyprus,2004,32500
Cyprus,2005,33600
Cyprus,2006,34600
Cyprus,2007,35600
Cyprus,2008,36000
Cyprus,2009,34400
Cyprus,2010,33900
Cyprus,2011,33200
Cyprus,2012,31800
Cyprus,2013,30000
Cyprus,2014,29900
Cyprus,2015,30700
Cyprus,2016,32000
Cyprus,2017,33000
Cyprus,2018,34000
Czech Republic,2000,21200
Czech Republic,2001,21900
Czech Republic,2002,22300
Czech Republic,2003,23100
Czech Republic,2004,24200
Czech Republic,2005,25800
Czech Republic,2006,27500
Czech Republic,2007,28800
Czech Republic,2008,29400
Czech Republic,2009,27800
Czech Republic,2010,28400
Czech Republic,2011,28800
Czech Republic,2012,28500
Czech Republic,2013,28400
Czech Republic,2014,29100
Czech Republic,2015,30600
Czech Republic,2016,31300
Czech Republic,2017,32600
Czech Republic,2018,33400
Denmark,2000,42300
Denmark,2001,42500
Denmark,2002,42600
Denmark,2003,42600
Denmark,2004,43700
Denmark,2005,44600
Denmark,2006,46200
Denmark,2007,46400
Denmark,2008,45900
Denmark,2009,43400
Denmark,2010,44000
Denmark,2011,44400
Denmark,2012,44300
Denmark,2013,44600
Denmark,2014,45100
Denmark,2015,45800
Denmark,2016,46500
Denmark,2017,47300
Denmark,2018,47700
Djibouti,2000,2160
Djibouti,2001,2160
Djibouti,2002,2180
Djibouti,2003,2210
Djibouti,2004,2260
Djibouti,2005,2290
Djibouti,2006,2360
Djibouti,2007,2440
Djibouti,2008,2540
Djibouti,2009,2630
Djibouti,2010,2670
Djibouti,2011,2740
Djibouti,2012,2830
Djibouti,2013,2920
Djibouti,2014,3040
Djibouti,2015,3180
Djibouti,2016,3060
Djibouti,2017,3400
Djibouti,2018,3490
Dominica,2000,8230
Dominica,2001,8220
Dominica,2002,7970
Dominica,2003,8450
Dominica,2004,8670
Dominica,2005,8700
Dominica,2006,9090
Dominica,2007,9660
Dominica,2008,10300
Dominica,2009,10200
Dominica,2010,10300
Dominica,2011,10300
Dominica,2012,10100
Dominica,2013,10100
Dominica,2014,10500
Dominica,2015,10200
Dominica,2016,10500
Dominica,2017,9440
Dominica,2018,9470
Dominican Republic,2000,8290
Dominican Republic,2001,8370
Dominican Republic,2002,8620
Dominican Republic,2003,8380
Dominican Republic,2004,8480
Dominican Republic,2005,9150
Dominican Republic,2006,9860
Dominican Republic,2007,10500
Dominican Republic,2008,10700
Dominican Republic,2009,10600
Dominican Republic,2010,11400
Dominican Republic,2011,11600
Dominican Republic,2012,11800
Dominican Republic,2013,12200
Dominican Republic,2014,13000
Dominican Republic,2015,13700
Dominican Republic,2016,14500
Dominican Republic,2017,15000
Dominican Republic,2018,15800
Ecuador,2000,7360
Ecuador,2001,7510
Ecuador,2002,7690
Ecuador,2003,7760
Ecuador,2004,8260
Ecuador,2005,8550
Ecuador,2006,8780
Ecuador,2007,8820
Ecuador,2008,9230
Ecuador,2009,9130
Ecuador,2010,9310
Ecuador,2011,9880
Ecuador,2012,10300
Ecuador,2013,10600
Ecuador,2014,10900
Ecuador,2015,10700
Ecuador,2016,10400
Ecuador,2017,10500
Ecuador,2018,10400
Egypt,2000,7500
Egypt,2001,7620
Egypt,2002,7660
Egypt,2003,7760
Egypt,2004,7930
Egypt,2005,8140
Egypt,2006,8540
Egypt,2007,8990
Egypt,2008,9460
Egypt,2009,9720
Egypt,2010,10000
Egypt,2011,9980
Egypt,2012,9980
Egypt,2013,9970
Egypt,2014,10000
Egypt,2015,10200
Egypt,2016,10500
Egypt,2017,10700
Egypt,2018,11000
El Salvador,2000,5610
El Salvador,2001,5620
El Salvador,2002,5680
El Salvador,2003,5740
El Salvador,2004,5760
El Salvador,2005,5890
El Salvador,2006,6120
El Salvador,2007,6200
El Salvador,2008,6310
El Salvador,2009,6150
El Salvador,2010,6280
El Salvador,2011,6490
El Salvador,2012,6650
El Salvador,2013,6760
El Salvador,2014,6850
El Salvador,2015,6980
El Salvador,2016,7120
El Salvador,2017,7250
El Salvador,2018,7390
Equatorial Guinea,2000,11300
Equatorial Guinea,2001,17700
Equatorial Guinea,2002,20200
Equatorial Guinea,2003,21900
Equatorial Guinea,2004,28600
Equatorial Guinea,2005,31700
Equatorial Guinea,2006,32600
Equatorial Guinea,2007,35900
Equatorial Guinea,2008,40400
Equatorial Guinea,2009,39100
Equatorial Guinea,2010,34000
Equatorial Guinea,2011,34600
Equatorial Guinea,2012,35900
Equatorial Guinea,2013,33000
Equatorial Guinea,2014,31700
Equatorial Guinea,2015,27700
Equatorial Guinea,2016,24300
Equatorial Guinea,2017,22300
Equatorial Guinea,2018,20900
Eritrea,2000,2490
Eritrea,2001,2610
Eritrea,2002,2570
Eritrea,2003,2390
Eritrea,2004,2320
Eritrea,2005,2290
Eritrea,2006,2190
Eritrea,2007,2170
Eritrea,2008,1910
Eritrea,2009,1950
Eritrea,2010,1960
Eritrea,2011,2100
Eritrea,2012,1180
Eritrea,2013,1160
Eritrea,2014,1200
Eritrea,2015,1240
Eritrea,2016,1240
Eritrea,2017,1250
Eritrea,2018,1370
Estonia,2000,15700
Estonia,2001,16800
Estonia,2002,17900
Estonia,2003,19400
Estonia,2004,20700
Estonia,2005,22800
Estonia,2006,25300
Estonia,2007,27400
Estonia,2008,26000
Estonia,2009,22200
Estonia,2010,22700
Estonia,2011,24500
Estonia,2012,25700
Estonia,2013,26300
Estonia,2014,27100
Estonia,2015,27600
Estonia,2016,28600
Estonia,2017,29900
Estonia,2018,31000
Eswatini,2000,6170
Eswatini,2001,6180
Eswatini,2002,6420
Eswatini,2003,6640
Eswatini,2004,6860
Eswatini,2005,7240
Eswatini,2006,7630
Eswatini,2007,7920
Eswatini,2008,7930
Eswatini,2009,8000
Eswatini,2010,8240
Eswatini,2011,8370
Eswatini,2012,8710
Eswatini,2013,9200
Eswatini,2014,9310
Eswatini,2015,9270
Eswatini,2016,9480
Eswatini,2017,9570
Eswatini,2018,9530
Ethiopia,2000,621
Ethiopia,2001,654
Ethiopia,2002,645
Ethiopia,2003,613
Ethiopia,2004,677
Ethiopia,2005,736
Ethiopia,2006,794
Ethiopia,2007,860
Ethiopia,2008,928
Ethiopia,2009,982
Ethiopia,2010,1080
Ethiopia,2011,1160
Ethiopia,2012,1230
Ethiopia,2013,1320
Ethiopia,2014,1410
Ethiopia,2015,1520
Ethiopia,2016,1620
Ethiopia,2017,1720
Ethiopia,2018,1790
Fiji,2000,6680
Fiji,2001,6790
Fiji,2002,6990
Fiji,2003,7050
Fiji,2004,7410
Fiji,2005,7430
Fiji,2006,7510
Fiji,2007,7370
Fiji,2008,7370
Fiji,2009,7190
Fiji,2010,7350
Fiji,2011,7520
Fiji,2012,7610
Fiji,2013,7970
Fiji,2014,8410
Fiji,2015,8780
Fiji,2016,8970
Fiji,2017,9380
Fiji,2018,9780
Finland,2000,34900
Finland,2001,35700
Finland,2002,36200
Finland,2003,36900
Finland,2004,38200
Finland,2005,39100
Finland,2006,40500
Finland,2007,42500
Finland,2008,42600
Finland,2009,38900
Finland,2010,39800
Finland,2011,40700
Finland,2012,39900
Finland,2013,39400
Finland,2014,39000
Finland,2015,39100
Finland,2016,40100
Finland,2017,41000
Finland,2018,41900
France,2000,34700
France,2001,35100
France,2002,35300
France,2003,35300
France,2004,36100
France,2005,36400
France,2006,37000
France,2007,37700
France,2008,37600
France,2009,36300
France,2010,36800
France,2011,37400
France,2012,37400
France,2013,37400
France,2014,37600
France,2015,37800
France,2016,38100
France,2017,39000
France,2018,39600
Gabon,2000,17800
Gabon,2001,17800
Gabon,2002,17300
Gabon,2003,17300
Gabon,2004,17000
Gabon,2005,17000
Gabon,2006,16000
Gabon,2007,16500
Gabon,2008,15500
Gabon,2009,15000
Gabon,2010,15500
Gabon,2011,16000
Gabon,2012,16200
Gabon,2013,16500
Gabon,2014,16600
Gabon,2015,16700
Gabon,2016,16500
Gabon,2017,16100
Gabon,2018,15900
Gambia,2000,1450
Gambia,2001,1490
Gambia,2002,1390
Gambia,2003,1440
Gambia,2004,1490
Gambia,2005,1430
Gambia,2006,1410
Gambia,2007,1420
Gambia,2008,1450
Gambia,2009,1500
Gambia,2010,1550
Gambia,2011,1440
Gambia,2012,1480
Gambia,2013,1500
Gambia,2014,1440
Gambia,2015,1480
Gambia,2016,1440
Gambia,2017,1470
Gambia,2018,1520
Georgia,2000,3530
Georgia,2001,3760
Georgia,2002,4000
Georgia,2003,4470
Georgia,2004,4760
Georgia,2005,5250
Georgia,2006,5770
Georgia,2007,6530
Georgia,2008,6710
Georgia,2009,6520
Georgia,2010,6980
Georgia,2011,7550
Georgia,2012,8080
Georgia,2013,8380
Georgia,2014,8770
Georgia,2015,9010
Georgia,2016,9260
Georgia,2017,9700
Georgia,2018,10200
Germany,2000,36800
Germany,2001,37300
Germany,2002,37300
Germany,2003,37000
Germany,2004,37400
Germany,2005,37700
Germany,2006,39100
Germany,2007,40500
Germany,2008,41000
Germany,2009,38800
Germany,2010,40400
Germany,2011,42700
Germany,2012,42800
Germany,2013,42900
Germany,2014,43700
Germany,2015,44000
Germany,2016,44700
Germany,2017,45500
Germany,2018,46000
Ghana,2000,2220
Ghana,2001,2250
Ghana,2002,2300
Ghana,2003,2360
Ghana,2004,2430
Ghana,2005,2510
Ghana,2006,2600
Ghana,2007,2650
Ghana,2008,2810
Ghana,2009,2880
Ghana,2010,3030
Ghana,2011,3370
Ghana,2012,3600
Ghana,2013,3770
Ghana,2014,3790
Ghana,2015,3790
Ghana,2016,3830
Ghana,2017,4050
Ghana,2018,4210
Greece,2000,24800
Greece,2001,25700
Greece,2002,26600
Greece,2003,28100
Greece,2004,29500
Greece,2005,29600
Greece,2006,31100
Greece,2007,32100
Greece,2008,31900
Greece,2009,30400
Greece,2010,28700
Greece,2011,26100
Greece,2012,24400
Greece,2013,23700
Greece,2014,24100
Greece,2015,24100
Greece,2016,24200
Greece,2017,24600
Greece,2018,25100
Grenada,2000,9540
Grenada,2001,9310
Grenada,2002,9590
Grenada,2003,10500
Grenada,2004,10400
Grenada,2005,11700
Grenada,2006,11200
Grenada,2007,11900
Grenada,2008,11900
Grenada,2009,11100
Grenada,2010,11000
Grenada,2011,11000
Grenada,2012,10800
Grenada,2013,11000
Grenada,2014,11800
Grenada,2015,12400
Grenada,2016,12800
Grenada,2017,13400
Grenada,2018,14000
Guatemala,2000,6070
Guatemala,2001,6070
Guatemala,2002,6160
Guatemala,2003,6170
Guatemala,2004,6210
Guatemala,2005,6270
Guatemala,2006,6460
Guatemala,2007,6710
Guatemala,2008,6780
Guatemala,2009,6670
Guatemala,2010,6710
Guatemala,2011,6850
Guatemala,2012,6900
Guatemala,2013,7010
Guatemala,2014,7150
Guatemala,2015,7290
Guatemala,2016,7370
Guatemala,2017,7420
Guatemala,2018,7510
Guinea,2000,1520
Guinea,2001,1540
Guinea,2002,1590
Guinea,2003,1580
Guinea,2004,1580
Guinea,2005,1600
Guinea,2006,1580
Guinea,2007,1650
Guinea,2008,1680
Guinea,2009,1630
Guinea,2010,1670
Guinea,2011,1720
Guinea,2012,1780
Guinea,2013,1810
Guinea,2014,1840
Guinea,2015,1860
Guinea,2016,2010
Guinea,2017,2210
Guinea,2018,2340
Guinea-Bissau,2000,1410
Guinea-Bissau,2001,1410
Guinea-Bissau,2002,1370
Guinea-Bissau,2003,1340
Guinea-Bissau,2004,1350
Guinea-Bissau,2005,1370
Guinea-Bissau,2006,1370
Guinea-Bissau,2007,1380
Guinea-Bissau,2008,1390
Guinea-Bissau,2009,1400
Guinea-Bissau,2010,1430
Guinea-Bissau,2011,1510
Guinea-Bissau,2012,1440
Guinea-Bissau,2013,1450
Guinea-Bissau,2014,1430
Guinea-Bissau,2015,1470
Guinea-Bissau,2016,1530
Guinea-Bissau,2017,1580
Guinea-Bissau,2018,1600
Guyana,2000,4620
Guyana,2001,4730
Guyana,2002,4790
Guyana,2003,4760
Guyana,2004,4830
Guyana,2005,4730
Guyana,2006,4970
Guyana,2007,5320
Guyana,2008,5420
Guyana,2009,5610
Guyana,2010,5830
Guyana,2011,6110
Guyana,2012,6400
Guyana,2013,6690
Guyana,2014,6910
Guyana,2015,7090
Guyana,2016,7290
Guyana,2017,7400
Guyana,2018,7620
Haiti,2000,1760
Haiti,2001,1710
Haiti,2002,1680
Haiti,2003,1660
Haiti,2004,1570
Haiti,2005,1570
Haiti,2006,1580
Haiti,2007,1610
Haiti,2008,1600
Haiti,2009,1620
Haiti,2010,1510
Haiti,2011,1570
Haiti,2012,1590
Haiti,2013,1630
Haiti,2014,1660
Haiti,2015,1650
Haiti,2016,1660
Haiti,2017,1650
Haiti,2018,1660
Honduras,2000,3300
Honduras,2001,3300
Honduras,2002,3340
Honduras,2003,3410
Honduras,2004,3530
Honduras,2005,3660
Honduras,2006,3810
Honduras,2007,3950
Honduras,2008,4030
Honduras,2009,3850
Honduras,2010,3910
Honduras,2011,3980
Honduras,2012,4070
Honduras,2013,4110
Honduras,2014,4160
Honduras,2015,4250
Honduras,2016,4340
Honduras,2017,4470
Honduras,2018,4560
"Hong Kong, China",2000,34000
"Hong Kong, China",2001,34000
"Hong Kong, China",2002,34400
"Hong Kong, China",2003,35500
"Hong Kong, China",2004,38300
"Hong Kong, China",2005,40900
"Hong Kong, China",2006,43500
"Hong Kong, China",2007,45900
"Hong Kong, China",2008,46600
"Hong Kong, China",2009,45400
"Hong Kong, China",2010,48100
"Hong Kong, China",2011,50100
"Hong Kong, China",2012,50400
"Hong Kong, China",2013,51700
"Hong Kong, China",2014,52800
"Hong Kong, China",2015,53600
"Hong Kong, China",2016,54400
"Hong Kong, China",2017,56100
"Hong Kong, China",2018,57300
Hungary,2000,18000
Hungary,2001,18700
Hungary,2002,19600
Hungary,2003,20400
Hungary,2004,21500
Hungary,2005,22500
Hungary,2006,23400
Hungary,2007,23500
Hungary,2008,23700
Hungary,2009,22200
Hungary,2010,22400
Hungary,2011,22800
Hungary,2012,22600
Hungary,2013,23100
Hungary,2014,24200
Hungary,2015,25100
Hungary,2016,25700
Hungary,2017,26900
Hungary,2018,28200
Iceland,2000,35000
Iceland,2001,35800
Iceland,2002,35800
Iceland,2003,36300
Iceland,2004,38900
Iceland,2005,40700
Iceland,2006,41800
Iceland,2007,44600
Iceland,2008,44700
Iceland,2009,41500
Iceland,2010,40100
Iceland,2011,40800
Iceland,2012,41100
Iceland,2013,42400
Iceland,2014,42800
Iceland,2015,44200
Iceland,2016,46800
Iceland,2017,47800
Iceland,2018,48600
India,2000,2710
India,2001,2790
India,2002,2850
India,2003,3020
India,2004,3210
India,2005,3410
India,2006,3630
India,2007,3850
India,2008,3910
India,2009,4160
India,2010,4450
India,2011,4630
India,2012,4820
India,2013,5070
India,2014,5380
India,2015,5740
India,2016,6150
India,2017,6520
India,2018,6900
Indonesia,2000,5810
Indonesia,2001,5940
Indonesia,2002,6120
Indonesia,2003,6330
Indonesia,2004,6560
Indonesia,2005,6840
Indonesia,2006,7120
Indonesia,2007,7470
Indonesia,2008,7820
Indonesia,2009,8070
Indonesia,2010,8460
Indonesia,2011,8860
Indonesia,2012,9270
Indonesia,2013,9650
Indonesia,2014,10000
Indonesia,2015,10400
Indonesia,2016,10700
Indonesia,2017,11200
Indonesia,2018,11600
Iran,2000,13200
Iran,2001,13200
Iran,2002,14000
Iran,2003,15000
Iran,2004,15500
Iran,2005,15800
Iran,2006,16400
Iran,2007,17500
Iran,2008,17400
Iran,2009,17300
Iran,2010,18100
Iran,2011,18400
Iran,2012,16800
Iran,2013,16600
Iran,2014,17100
Iran,2015,16700
Iran,2016,18700
Iran,2017,19100
Iran,2018,18000
Iraq,2000,12200
Iraq,2001,12100
Iraq,2002,11000
Iraq,2003,7130
Iraq,2004,10700
Iraq,2005,10900
Iraq,2006,11800
Iraq,2007,11800
Iraq,2008,12500
Iraq,2009,12700
Iraq,2010,13200
Iraq,2011,13700
Iraq,2012,15000
Iraq,2013,15600
Iraq,2014,15100
Iraq,2015,15000
Iraq,2016,16500
Iraq,2017,15800
Iraq,2018,15600
Ireland,2000,39400
Ireland,2001,40800
Ireland,2002,42500
Ireland,2003,43100
Ireland,2004,45100
Ireland,2005,46600
Ireland,2006,47600
Ireland,2007,48700
Ireland,2008,45700
Ireland,2009,42900
Ireland,2010,43500
Ireland,2011,44900
Ireland,2012,44800
Ireland,2013,45200
Ireland,2014,48800
Ireland,2015,60500
Ireland,2016,62800
Ireland,2017,66600
Ireland,2018,70400
Israel,2000,26800
Israel,2001,26200
Israel,2002,25700
Israel,2003,25400
Israel,2004,26100
Israel,2005,26600
Israel,2006,27600
Israel,2007,28700
Israel,2008,29000
Israel,2009,28600
Israel,2010,29700
Israel,2011,30600
Israel,2012,30600
Israel,2013,31300
Israel,2014,31900
Israel,2015,32100
Israel,2016,32700
Israel,2017,33200
Israel,2018,33700
Italy,2000,36500
Italy,2001,37200
Italy,2002,37200
Italy,2003,37100
Italy,2004,37400
Italy,2005,37600
Italy,2006,38200
Italy,2007,38600
Italy,2008,38000
Italy,2009,35700
Italy,2010,36200
Italy,2011,36300
Italy,2012,35200
Italy,2013,34200
Italy,2014,33900
Italy,2015,34300
Italy,2016,34700
Italy,2017,35400
Italy,2018,35700
Jamaica,2000,7940
Jamaica,2001,7990
Jamaica,2002,8090
Jamaica,2003,8340
Jamaica,2004,8400
Jamaica,2005,8430
Jamaica,2006,8630
Jamaica,2007,8710
Jamaica,2008,8590
Jamaica,2009,8180
Jamaica,2010,8020
Jamaica,2011,8110
Jamaica,2012,8020
Jamaica,2013,8010
Jamaica,2014,8020
Jamaica,2015,8050
Jamaica,2016,8120
Jamaica,2017,8150
Jamaica,2018,8270
Japan,2000,33900
Japan,2001,33900
Japan,2002,33900
Japan,2003,34300
Japan,2004,35100
Japan,2005,35700
Japan,2006,36100
Japan,2007,36700
Japan,2008,36300
Japan,2009,34300
Japan,2010,35800
Japan,2011,35800
Japan,2012,36400
Japan,2013,37100
Japan,2014,37300
Japan,2015,37800
Japan,2016,38100
Japan,2017,38900
Japan,2018,39300
Jordan,2000,7220
Jordan,2001,7460
Jordan,2002,7750
Jordan,2003,7900
Jordan,2004,8350
Jordan,2005,8740
Jordan,2006,9090
Jordan,2007,9420
Jordan,2008,9630
Jordan,2009,9660
Jordan,2010,9390
Jordan,2011,9120
Jordan,2012,8870
Jordan,2013,8660
Jordan,2014,8530
Jordan,2015,8410
Jordan,2016,8320
Jordan,2017,8300
Jordan,2018,8310
Kazakhstan,2000,9950
Kazakhstan,2001,11300
Kazakhstan,2002,12400
Kazakhstan,2003,13500
Kazakhstan,2004,14700
Kazakhstan,2005,16000
Kazakhstan,2006,17500
Kazakhstan,2007,18900
Kazakhstan,2008,19300
Kazakhstan,2009,19000
Kazakhstan,2010,20100
Kazakhstan,2011,21300
Kazakhstan,2012,22000
Kazakhstan,2013,23000
Kazakhstan,2014,23600
Kazakhstan,2015,23500
Kazakhstan,2016,23400
Kazakhstan,2017,24100
Kazakhstan,2018,24700
Kenya,2000,2100
Kenya,2001,2120
Kenya,2002,2070
Kenya,2003,2080
Kenya,2004,2120
Kenya,2005,2190
Kenya,2006,2270
Kenya,2007,2360
Kenya,2008,2300
Kenya,2009,2310
Kenya,2010,2440
Kenya,2011,2520
Kenya,2012,2560
Kenya,2013,2640
Kenya,2014,2710
Kenya,2015,2800
Kenya,2016,2890
Kenya,2017,2960
Kenya,2018,3080
Kiribati,2000,1990
Kiribati,2001,1930
Kiribati,2002,1970
Kiribati,2003,1970
Kiribati,2004,1900
Kiribati,2005,1960
Kiribati,2006,1920
Kiribati,2007,1910
Kiribati,2008,1830
Kiribati,2009,1800
Kiribati,2010,1750
Kiribati,2011,1750
Kiribati,2012,1800
Kiribati,2013,1850
Kiribati,2014,1820
Kiribati,2015,1980
Kiribati,2016,2050
Kiribati,2017,2030
Kiribati,2018,2040
Kuwait,2000,70100
Kuwait,2001,68700
Kuwait,2002,69600
Kuwait,2003,80700
Kuwait,2004,87900
Kuwait,2005,93700
Kuwait,2006,96400
Kuwait,2007,96800
Kuwait,2008,93600
Kuwait,2009,81900
Kuwait,2010,75400
Kuwait,2011,78000
Kuwait,2012,78700
Kuwait,2013,75600
Kuwait,2014,72600
Kuwait,2015,70300
Kuwait,2016,70100
Kuwait,2017,66000
Kuwait,2018,65500
Kyrgyz Republic,2000,2080
Kyrgyz Republic,2001,2160
Kyrgyz Republic,2002,2140
Kyrgyz Republic,2003,2270
Kyrgyz Republic,2004,2400
Kyrgyz Republic,2005,2370
Kyrgyz Republic,2006,2420
Kyrgyz Republic,2007,2600
Kyrgyz Republic,2008,2790
Kyrgyz Republic,2009,2840
Kyrgyz Republic,2010,2790
Kyrgyz Republic,2011,2920
Kyrgyz Republic,2012,2870
Kyrgyz Republic,2013,3120
Kyrgyz Republic,2014,3180
Kyrgyz Republic,2015,3230
Kyrgyz Republic,2016,3310
Kyrgyz Republic,2017,3390
Kyrgyz Republic,2018,3450
Lao,2000,2490
Lao,2001,2590
Lao,2002,2700
Lao,2003,2820
Lao,2004,2960
Lao,2005,3120
Lao,2006,3330
Lao,2007,3520
Lao,2008,3740
Lao,2009,3950
Lao,2010,4220
Lao,2011,4490
Lao,2012,4770
Lao,2013,5080
Lao,2014,5390
Lao,2015,5690
Lao,2016,6000
Lao,2017,6310
Lao,2018,6610
Latvia,2000,11200
Latvia,2001,12100
Latvia,2002,13100
Latvia,2003,14300
Latvia,2004,15700
Latvia,2005,17500
Latvia,2006,19800
Latvia,2007,21900
Latvia,2008,21400
Latvia,2009,18600
Latvia,2010,18300
Latvia,2011,19800
Latvia,2012,20800
Latvia,2013,21600
Latvia,2014,22200
Latvia,2015,23000
Latvia,2016,23700
Latvia,2017,25000
Latvia,2018,26400
Lebanon,2000,10600
Lebanon,2001,10600
Lebanon,2002,10500
Lebanon,2003,10300
Lebanon,2004,10500
Lebanon,2005,10500
Lebanon,2006,10600
Lebanon,2007,11500
Lebanon,2008,12600
Lebanon,2009,13700
Lebanon,2010,14400
Lebanon,2011,13800
Lebanon,2012,13400
Lebanon,2013,12800
Lebanon,2014,12300
Lebanon,2015,11900
Lebanon,2016,11800
Lebanon,2017,11600
Lebanon,2018,11600
Lesotho,2000,1640
Lesotho,2001,1690
Lesotho,2002,1710
Lesotho,2003,1800
Lesotho,2004,1840
Lesotho,2005,1910
Lesotho,2006,2000
Lesotho,2007,2100
Lesotho,2008,2240
Lesotho,2009,2290
Lesotho,2010,2420
Lesotho,2011,2580
Lesotho,2012,2720
Lesotho,2013,2750
Lesotho,2014,2810
Lesotho,2015,2870
Lesotho,2016,2940
Lesotho,2017,2850
Lesotho,2018,2870
Liberia,2000,1320
Liberia,2001,1310
Liberia,2002,1330
Liberia,2003,910
Liberia,2004,916
Liberia,2005,940
Liberia,2006,982
Liberia,2007,1030
Liberia,2008,1060
Liberia,2009,1080
Liberia,2010,1100
Liberia,2011,1150
Liberia,2012,1210
Liberia,2013,1280
Liberia,2014,1260
Liberia,2015,1230
Liberia,2016,1180
Liberia,2017,1180
Liberia,2018,1160
Libya,2000,21900
Libya,2001,21200
Libya,2002,20700
Libya,2003,23000
Libya,2004,23600
Libya,2005,26000
Libya,2006,27300
Libya,2007,28600
Libya,2008,29000
Libya,2009,28400
Libya,2010,29500
Libya,2011,11100
Libya,2012,24600
Libya,2013,21100
Libya,2014,16000
Libya,2015,14400
Libya,2016,13900
Libya,2017,17300
Libya,2018,18400
Lithuania,2000,12200
Lithuania,2001,13100
Lithuania,2002,14100
Lithuania,2003,15700
Lithuania,2004,16900
Lithuania,2005,18500
Lithuania,2006,20200
Lithuania,2007,22700
Lithuania,2008,23600
Lithuania,2009,20300
Lithuania,2010,21100
Lithuania,2011,22900
Lithuania,2012,24000
Lithuania,2013,25100
Lithuania,2014,26300
Lithuania,2015,27000
Lithuania,2016,28000
Lithuania,2017,29600
Lithuania,2018,31100
Luxembourg,2000,81700
Luxembourg,2001,82800
Luxembourg,2002,85000
Luxembourg,2003,85400
Luxembourg,2004,87200
Luxembourg,2005,88600
Luxembourg,2006,91700
Luxembourg,2007,97900
Luxembourg,2008,94900
Luxembourg,2009,89100
Luxembourg,2010,91700
Luxembourg,2011,92000
Luxembourg,2012,89500
Luxembourg,2013,90700
Luxembourg,2014,92300
Luxembourg,2015,93700
Luxembourg,2016,93900
Luxembourg,2017,93100
Luxembourg,2018,93700
Madagascar,2000,1440
Madagascar,2001,1480
Madagascar,2002,1260
Madagascar,2003,1340
Madagascar,2004,1370
Madagascar,2005,1390
Madagascar,2006,1420
Madagascar,2007,1460
Madagascar,2008,1520
Madagascar,2009,1420
Madagascar,2010,1390
Madagascar,2011,1370
Madagascar,2012,1370
Madagascar,2013,1360
Madagascar,2014,1370
Madagascar,2015,1380
Madagascar,2016,1400
Madagascar,2017,1420
Madagascar,2018,1450
Malawi,2000,884
Malawi,2001,819
Malawi,2002,813
Malawi,2003,839
Malawi,2004,862
Malawi,2005,868
Malawi,2006,884
Malawi,2007,942
Malawi,2008,986
Malawi,2009,1040
Malawi,2010,1080
Malawi,2011,1100
Malawi,2012,1090
Malawi,2013,1110
Malawi,2014,1140
Malawi,2015,1140
Malawi,2016,1140
Malawi,2017,1150
Malawi,2018,1160
Malaysia,2000,16300
Malaysia,2001,16000
Malaysia,2002,16500
Malaysia,2003,17200
Malaysia,2004,18000
Malaysia,2005,18600
Malaysia,2006,19200
Malaysia,2007,20000
Malaysia,2008,20600
Malaysia,2009,19900
Malaysia,2010,21000
Malaysia,2011,21800
Malaysia,2012,22700
Malaysia,2013,23400
Malaysia,2014,24500
Malaysia,2015,25400
Malaysia,2016,26100
Malaysia,2017,27300
Malaysia,2018,28200
Maldives,2000,9800
Maldives,2001,9190
Maldives,2002,9590
Maldives,2003,10600
Maldives,2004,10900
Maldives,2005,9250
Maldives,2006,11400
Maldives,2007,12000
Maldives,2008,12800
Maldives,2009,11500
Maldives,2010,12000
Maldives,2011,12500
Maldives,2012,12300
Maldives,2013,12600
Maldives,2014,12900
Maldives,2015,12700
Maldives,2016,13000
Maldives,2017,13300
Maldives,2018,13600
Mali,2000,1470
Mali,2001,1640
Mali,2002,1640
Mali,2003,1740
Mali,2004,1710
Mali,2005,1760
Mali,2006,1790
Mali,2007,1790
Mali,2008,1810
Mali,2009,1840
Mali,2010,1880
Mali,2011,1880
Mali,2012,1810
Mali,2013,1800
Mali,2014,1870
Mali,2015,1920
Mali,2016,1970
Mali,2017,2020
Mali,2018,2060
Malta,2000,24600
Malta,2001,24600
Malta,2002,25100
Malta,2003,25600
Malta,2004,25500
Malta,2005,26300
Malta,2006,26700
Malta,2007,27700
Malta,2008,28400
Malta,2009,27500
Malta,2010,28300
Malta,2011,28600
Malta,2012,29100
Malta,2013,30000
Malta,2014,31900
Malta,2015,34500
Malta,2016,35600
Malta,2017,37000
Malta,2018,38100
Marshall Islands,2000,2970
Marshall Islands,2001,3090
Marshall Islands,2002,3120
Marshall Islands,2003,3060
Marshall Islands,2004,3000
Marshall Islands,2005,3050
Marshall Islands,2006,3060
Marshall Islands,2007,3160
Marshall Islands,2008,3100
Marshall Islands,2009,3050
Marshall Islands,2010,3240
Marshall Islands,2011,3270
Marshall Islands,2012,3370
Marshall Islands,2013,3450
Marshall Islands,2014,3410
Marshall Islands,2015,3380
Marshall Islands,2016,3430
Marshall Islands,2017,3530
Marshall Islands,2018,3600
Mauritania,2000,2830
Mauritania,2001,2810
Mauritania,2002,2760
Mauritania,2003,2840
Mauritania,2004,2920
Mauritania,2005,3090
Mauritania,2006,3570
Mauritania,2007,3570
Mauritania,2008,3500
Mauritania,2009,3370
Mauritania,2010,3430
Mauritania,2011,3480
Mauritania,2012,3580
Mauritania,2013,3690
Mauritania,2014,3780
Mauritania,2015,3720
Mauritania,2016,3690
Mauritania,2017,3700
Mauritania,2018,3720
Mauritius,2000,11300
Mauritius,2001,11600
Mauritius,2002,11700
Mauritius,2003,12300
Mauritius,2004,12700
Mauritius,2005,12900
Mauritius,2006,13400
Mauritius,2007,14100
Mauritius,2008,14900
Mauritius,2009,15300
Mauritius,2010,15900
Mauritius,2011,16600
Mauritius,2012,17100
Mauritius,2013,17600
Mauritius,2014,18300
Mauritius,2015,18900
Mauritius,2016,19600
Mauritius,2017,20300
Mauritius,2018,21100
Mexico,2000,16100
Mexico,2001,15800
Mexico,2002,15600
Mexico,2003,15600
Mexico,2004,16000
Mexico,2005,16200
Mexico,2006,16600
Mexico,2007,16800
Mexico,2008,16700
Mexico,2009,15600
Mexico,2010,16200
Mexico,2011,16500
Mexico,2012,16900
Mexico,2013,16900
Mexico,2014,17100
Mexico,2015,17500
Mexico,2016,17800
Mexico,2017,17900
Mexico,2018,18100
"Micronesia, Fed. Sts.",2000,3120
"Micronesia, Fed. Sts.",2001,3180
"Micronesia, Fed. Sts.",2002,3210
"Micronesia, Fed. Sts.",2003,3270
"Micronesia, Fed. Sts.",2004,3180
"Micronesia, Fed. Sts.",2005,3260
"Micronesia, Fed. Sts.",2006,3280
"Micronesia, Fed. Sts.",2007,3240
"Micronesia, Fed. Sts.",2008,3200
"Micronesia, Fed. Sts.",2009,3250
"Micronesia, Fed. Sts.",2010,3320
"Micronesia, Fed. Sts.",2011,3410
"Micronesia, Fed. Sts.",2012,3310
"Micronesia, Fed. Sts.",2013,3140
"Micronesia, Fed. Sts.",2014,3030
"Micronesia, Fed. Sts.",2015,3140
"Micronesia, Fed. Sts.",2016,3120
"Micronesia, Fed. Sts.",2017,3190
"Micronesia, Fed. Sts.",2018,3200
Moldova,2000,2810
Moldova,2001,2990
Moldova,2002,3230
Moldova,2003,3450
Moldova,2004,3720
Moldova,2005,4000
Moldova,2006,4210
Moldova,2007,4340
Moldova,2008,4690
Moldova,2009,4420
Moldova,2010,4730
Moldova,2011,5010
Moldova,2012,4980
Moldova,2013,5440
Moldova,2014,5710
Moldova,2015,5700
Moldova,2016,5950
Moldova,2017,6230
Moldova,2018,6490
Monaco,2000,50200
Monaco,2001,50900
Monaco,2002,51100
Monaco,2003,51300
Monaco,2004,52200
Monaco,2005,52800
Monaco,2006,54600
Monaco,2007,60900
Monaco,2008,59900
Monaco,2009,53700
Monaco,2010,54100
Monaco,2011,58100
Monaco,2012,58100
Monaco,2013,57900
Monaco,2014,58300
Monaco,2015,58800
Monaco,2016,59500
Monaco,2017,60100
Monaco,2018,60700
Mongolia,2000,4660
Mongolia,2001,4750
Mongolia,2002,4930
Mongolia,2003,5220
Mongolia,2004,5710
Mongolia,2005,6050
Mongolia,2006,6480
Mongolia,2007,7050
Mongolia,2008,7570
Mongolia,2009,7350
Mongolia,2010,7690
Mongolia,2011,8850
Mongolia,2012,9750
Mongolia,2013,10700
Mongolia,2014,11300
Mongolia,2015,11300
Mongolia,2016,11200
Mongolia,2017,11600
Mongolia,2018,12200
Montenegro,2000,10400
Montenegro,2001,10500
Montenegro,2002,10600
Montenegro,2003,10800
Montenegro,2004,11300
Montenegro,2005,11800
Montenegro,2006,12800
Montenegro,2007,13600
Montenegro,2008,14600
Montenegro,2009,13700
Montenegro,2010,14000
Montenegro,2011,14500
Montenegro,2012,14100
Montenegro,2013,14600
Montenegro,2014,14800
Montenegro,2015,15300
Montenegro,2016,15700
Montenegro,2017,16500
Montenegro,2018,17300
Morocco,2000,4490
Morocco,2001,4760
Morocco,2002,4850
Morocco,2003,5080
Morocco,2004,5260
Morocco,2005,5370
Morocco,2006,5710
Morocco,2007,5850
Morocco,2008,6120
Morocco,2009,6300
Morocco,2010,6460
Morocco,2011,6700
Morocco,2012,6810
Morocco,2013,7020
Morocco,2014,7110
Morocco,2015,7330
Morocco,2016,7310
Morocco,2017,7510
Morocco,2018,7650
Mozambique,2000,573
Mozambique,2001,628
Mozambique,2002,663
Mozambique,2003,686
Mozambique,2004,718
Mozambique,2005,758
Mozambique,2006,809
Mozambique,2007,846
Mozambique,2008,879
Mozambique,2009,910
Mozambique,2010,945
Mozambique,2011,984
Mozambique,2012,1030
Mozambique,2013,1070
Mozambique,2014,1120
Mozambique,2015,1160
Mozambique,2016,1170
Mozambique,2017,1180
Mozambique,2018,1180
Myanmar,2000,1290
Myanmar,2001,1420
Myanmar,2002,1580
Myanmar,2003,1780
Myanmar,2004,2000
Myanmar,2005,2250
Myanmar,2006,2530
Myanmar,2007,2820
Myanmar,2008,3080
Myanmar,2009,3390
Myanmar,2010,3690
Myanmar,2011,3870
Myanmar,2012,4110
Myanmar,2013,4420
Myanmar,2014,4740
Myanmar,2015,5030
Myanmar,2016,5290
Myanmar,2017,5610
Myanmar,2018,5920
Namibia,2000,6540
Namibia,2001,6510
Namibia,2002,6720
Namibia,2003,6900
Namibia,2004,7630
Namibia,2005,7700
Namibia,2006,8110
Namibia,2007,8390
Namibia,2008,8460
Namibia,2009,8330
Namibia,2010,8680
Namibia,2011,8960
Namibia,2012,9250
Namibia,2013,9600
Namibia,2014,10000
Namibia,2015,10400
Namibia,2016,10400
Namibia,2017,10100
Namibia,2018,9900
Nauru,2000,7130
Nauru,2001,6640
Nauru,2002,5970
Nauru,2003,5970
Nauru,2004,5700
Nauru,2005,5010
Nauru,2006,4030
Nauru,2007,4050
Nauru,2008,5420
Nauru,2009,5860
Nauru,2010,6610
Nauru,2011,7340
Nauru,2012,7910
Nauru,2013,10100
Nauru,2014,12600
Nauru,2015,12300
Nauru,2016,13000
Nauru,2017,13700
Nauru,2018,13400
Nepal,2000,1530
Nepal,2001,1570
Nepal,2002,1550
Nepal,2003,1590
Nepal,2004,1640
Nepal,2005,1680
Nepal,2006,1710
Nepal,2007,1750
Nepal,2008,1840
Nepal,2009,1910
Nepal,2010,1990
Nepal,2011,2050
Nepal,2012,2160
Nepal,2013,2250
Nepal,2014,2390
Nepal,2015,2460
Nepal,2016,2450
Nepal,2017,2610
Nepal,2018,2720
Netherlands,2000,42000
Netherlands,2001,42700
Netherlands,2002,42500
Netherlands,2003,42400
Netherlands,2004,43000
Netherlands,2005,43800
Netherlands,2006,45300
Netherlands,2007,46900
Netherlands,2008,47700
Netherlands,2009,45700
Netherlands,2010,46100
Netherlands,2011,46600
Netherlands,2012,45900
Netherlands,2013,45800
Netherlands,2014,46200
Netherlands,2015,46900
Netherlands,2016,47700
Netherlands,2017,48800
Netherlands,2018,49800
New Zealand,2000,28100
New Zealand,2001,28900
New Zealand,2002,29700
New Zealand,2003,30500
New Zealand,2004,31200
New Zealand,2005,31900
New Zealand,2006,32400
New Zealand,2007,33100
New Zealand,2008,32500
New Zealand,2009,32100
New Zealand,2010,32200
New Zealand,2011,32700
New Zealand,2012,33300
New Zealand,2013,33900
New Zealand,2014,34600
New Zealand,2015,35200
New Zealand,2016,35700
New Zealand,2017,36000
New Zealand,2018,36400
Nicaragua,2000,3420
Nicaragua,2001,3470
Nicaragua,2002,3440
Nicaragua,2003,3480
Nicaragua,2004,3620
Nicaragua,2005,3720
Nicaragua,2006,3820
Nicaragua,2007,3960
Nicaragua,2008,4040
Nicaragua,2009,3850
Nicaragua,2010,3970
Nicaragua,2011,4160
Nicaragua,2012,4380
Nicaragua,2013,4530
Nicaragua,2014,4690
Nicaragua,2015,4850
Nicaragua,2016,5000
Nicaragua,2017,5170
Nicaragua,2018,4910
Niger,2000,755
Niger,2001,780
Niger,2002,774
Niger,2003,786
Niger,2004,758
Niger,2005,763
Niger,2006,777
Niger,2007,772
Niger,2008,815
Niger,2009,779
Niger,2010,812
Niger,2011,799
Niger,2012,860
Niger,2013,870
Niger,2014,900
Niger,2015,903
Niger,2016,912
Niger,2017,921
Niger,2018,932
Nigeria,2000,3070
Nigeria,2001,3170
Nigeria,2002,3570
Nigeria,2003,3730
Nigeria,2004,3970
Nigeria,2005,4120
Nigeria,2006,4260
Nigeria,2007,4420
Nigeria,2008,4600
Nigeria,2009,4840
Nigeria,2010,5090
Nigeria,2011,5210
Nigeria,2012,5290
Nigeria,2013,5500
Nigeria,2014,5690
Nigeria,2015,5690
Nigeria,2016,5450
Nigeria,2017,5350
Nigeria,2018,5320
North Korea,2000,1620
North Korea,2001,1670
North Korea,2002,1680
North Korea,2003,1700
North Korea,2004,1720
North Korea,2005,1770
North Korea,2006,1750
North Korea,2007,1710
North Korea,2008,1760
North Korea,2009,1730
North Korea,2010,1710
North Korea,2011,1720
North Korea,2012,1730
North Korea,2013,1740
North Korea,2014,1750
North Korea,2015,1720
North Korea,2016,1720
North Korea,2017,1720
North Korea,2018,1720
North Macedonia,2000,8620
North Macedonia,2001,8320
North Macedonia,2002,8420
North Macedonia,2003,8590
North Macedonia,2004,8980
North Macedonia,2005,9390
North Macedonia,2006,9850
North Macedonia,2007,10500
North Macedonia,2008,11000
North Macedonia,2009,11000
North Macedonia,2010,11400
North Macedonia,2011,11600
North Macedonia,2012,11500
North Macedonia,2013,11900
North Macedonia,2014,12300
North Macedonia,2015,12800
North Macedonia,2016,13100
North Macedonia,2017,13100
North Macedonia,2018,13500
Norway,2000,58000
Norway,2001,59000
Norway,2002,59500
Norway,2003,59700
Norway,2004,61700
Norway,2005,62900
Norway,2006,63900
Norway,2007,65099
Norway,2008,64599
Norway,2009,62700
Norway,2010,62400
Norway,2011,62100
Norway,2012,63000
Norway,2013,62900
Norway,2014,63400
Norway,2015,64000
Norway,2016,64200
Norway,2017,65000
Norway,2018,65400
Oman,2000,44000
Oman,2001,45400
Oman,2002,44100
Oman,2003,42000
Oman,2004,41500
Oman,2005,41500
Oman,2006,42500
Oman,2007,43100
Oman,2008,45100
Oman,2009,45700
Oman,2010,45300
Oman,2011,41900
Oman,2012,42600
Oman,2013,41300
Oman,2014,39700
Oman,2015,39200
Oman,2016,39200
Oman,2017,37300
Oman,2018,36800
Pakistan,2000,3400
Pakistan,2001,3380
Pakistan,2002,3410
Pakistan,2003,3490
Pakistan,2004,3660
Pakistan,2005,3850
Pakistan,2006,4000
Pakistan,2007,4100
Pakistan,2008,4070
Pakistan,2009,4100
Pakistan,2010,4070
Pakistan,2011,4100
Pakistan,2012,4150
Pakistan,2013,4240
Pakistan,2014,4350
Pakistan,2015,4460
Pakistan,2016,4610
Pakistan,2017,4770
Pakistan,2018,4930
Palau,2000,12300
Palau,2001,13000
Palau,2002,13300
Palau,2003,12800
Palau,2004,13400
Palau,2005,14000
Palau,2006,13900
Palau,2007,14300
Palau,2008,13900
Palau,2009,13300
Palau,2010,13600
Palau,2011,14500
Palau,2012,15100
Palau,2013,14900
Palau,2014,15500
Palau,2015,17100
Palau,2016,17200
Palau,2017,16500
Palau,2018,17200
Palestine,2000,3690
Palestine,2001,3260
Palestine,2002,2780
Palestine,2003,3090
Palestine,2004,3330
Palestine,2005,3590
Palestine,2006,3360
Palestine,2007,3500
Palestine,2008,3610
Palestine,2009,3820
Palestine,2010,4020
Palestine,2011,4410
Palestine,2012,4570
Palestine,2013,4560
Palestine,2014,4450
Palestine,2015,4490
Palestine,2016,4600
Palestine,2017,4650
Palestine,2018,4670
Panama,2000,10600
Panama,2001,10500
Panama,2002,10500
Panama,2003,10800
Panama,2004,11300
Panama,2005,11900
Panama,2006,12700
Panama,2007,14000
Panama,2008,15100
Panama,2009,15000
Panama,2010,15600
Panama,2011,17100
Panama,2012,18500
Panama,2013,19400
Panama,2014,20000
Panama,2015,20800
Panama,2016,21500
Panama,2017,22200
Panama,2018,22700
Papua New Guinea,2000,2620
Papua New Guinea,2001,2560
Papua New Guinea,2002,2500
Papua New Guinea,2003,2500
Papua New Guinea,2004,2520
Papua New Guinea,2005,2620
Papua New Guinea,2006,2620
Papua New Guinea,2007,2840
Papua New Guinea,2008,2770
Papua New Guinea,2009,2880
Papua New Guinea,2010,3100
Papua New Guinea,2011,3070
Papua New Guinea,2012,3150
Papua New Guinea,2013,3200
Papua New Guinea,2014,3560
Papua New Guinea,2015,3820
Papua New Guinea,2016,3900
Papua New Guinea,2017,3880
Papua New Guinea,2018,3820
Paraguay,2000,7980
Paraguay,2001,7760
Paraguay,2002,7620
Paraguay,2003,7800
Paraguay,2004,7980
Paraguay,2005,8020
Paraguay,2006,8280
Paraguay,2007,8610
Paraguay,2008,9030
Paraguay,2009,8880
Paraguay,2010,9740
Paraguay,2011,10000
Paraguay,2012,9830
Paraguay,2013,10500
Paraguay,2014,10900
Paraguay,2015,11100
Paraguay,2016,11400
Paraguay,2017,11800
Paraguay,2018,12100
Peru,2000,6430
Peru,2001,6390
Peru,2002,6660
Peru,2003,6870
Peru,2004,7140
Peru,2005,7530
Peru,2006,8020
Peru,2007,8640
Peru,2008,9350
Peru,2009,9380
Peru,2010,10100
Peru,2011,10600
Peru,2012,11200
Peru,2013,11700
Peru,2014,11900
Peru,2015,12100
Peru,2016,12400
Peru,2017,12500
Peru,2018,12800
Philippines,2000,4220
Philippines,2001,4260
Philippines,2002,4320
Philippines,2003,4440
Philippines,2004,4650
Philippines,2005,4780
Philippines,2006,4940
Philippines,2007,5180
Philippines,2008,5300
Philippines,2009,5270
Philippines,2010,5580
Philippines,2011,5690
Philippines,2012,5970
Philippines,2013,6280
Philippines,2014,6560
Philippines,2015,6850
Philippines,2016,7210
Philippines,2017,7580
Philippines,2018,7940
Poland,2000,14700
Poland,2001,14900
Poland,2002,15200
Poland,2003,15800
Poland,2004,16600
Poland,2005,17200
Poland,2006,18300
Poland,2007,19600
Poland,2008,20400
Poland,2009,21000
Poland,2010,21800
Poland,2011,22900
Poland,2012,23200
Poland,2013,23600
Poland,2014,24400
Poland,2015,25300
Poland,2016,26100
Poland,2017,27300
Poland,2018,28800
Portugal,2000,26000
Portugal,2001,26300
Portugal,2002,26400
Portugal,2003,26000
Portugal,2004,26400
Portugal,2005,26600
Portugal,2006,27000
Portugal,2007,27600
Portugal,2008,27600
Portugal,2009,26700
Portugal,2010,27200
Portugal,2011,26800
Portugal,2012,25800
Portugal,2013,25700
Portugal,2014,26000
Portugal,2015,26600
Portugal,2016,27200
Portugal,2017,28000
Portugal,2018,28700
Qatar,2000,108000
Qatar,2001,108000
Qatar,2002,111000
Qatar,2003,109000
Qatar,2004,117000
Qatar,2005,110000
Qatar,2006,117000
Qatar,2007,116000
Qatar,2008,116000
Qatar,2009,113000
Qatar,2010,120000
Qatar,2011,124000
Qatar,2012,120000
Qatar,2013,118000
Qatar,2014,117000
Qatar,2015,116000
Qatar,2016,114000
Qatar,2017,113000
Qatar,2018,113000
Romania,2000,10400
Romania,2001,11100
Romania,2002,12000
Romania,2003,12300
Romania,2004,13700
Romania,2005,14400
Romania,2006,15700
Romania,2007,17100
Romania,2008,19000
Romania,2009,18100
Romania,2010,17500
Romania,2011,17900
Romania,2012,18400
Romania,2013,19100
Romania,2014,19800
Romania,2015,20700
Romania,2016,21800
Romania,2017,23400
Romania,2018,24500
Russia,2000,14100
Russia,2001,14800
Russia,2002,15600
Russia,2003,16800
Russia,2004,18100
Russia,2005,19300
Russia,2006,21000
Russia,2007,22800
Russia,2008,24000
Russia,2009,22100
Russia,2010,23300
Russia,2011,24300
Russia,2012,25200
Russia,2013,25600
Russia,2014,25300
Russia,2015,24500
Russia,2016,24400
Russia,2017,24800
Russia,2018,25400
Rwanda,2000,803
Rwanda,2001,840
Rwanda,2002,929
Rwanda,2003,935
Rwanda,2004,990
Rwanda,2005,1060
Rwanda,2006,1140
Rwanda,2007,1190
Rwanda,2008,1290
Rwanda,2009,1340
Rwanda,2010,1400
Rwanda,2011,1470
Rwanda,2012,1560
Rwanda,2013,1590
Rwanda,2014,1670
Rwanda,2015,1770
Rwanda,2016,1830
Rwanda,2017,1890
Rwanda,2018,2000
Samoa,2000,4330
Samoa,2001,4610
Samoa,2002,4780
Samoa,2003,4960
Samoa,2004,5160
Samoa,2005,5340
Samoa,2006,5410
Samoa,2007,5720
Samoa,2008,5740
Samoa,2009,5420
Samoa,2010,5410
Samoa,2011,5670
Samoa,2012,5650
Samoa,2013,5490
Samoa,2014,5520
Samoa,2015,5570
Samoa,2016,5940
Samoa,2017,6070
Samoa,2018,6090
San Marino,2000,75600
San Marino,2001,78700
San Marino,2002,78000
San Marino,2003,79900
San Marino,2004,82500
San Marino,2005,83400
San Marino,2006,85500
San Marino,2007,90500
San Marino,2008,90800
San Marino,2009,78200
San Marino,2010,73600
San Marino,2011,65700
San Marino,2012,59900
San Marino,2013,57300
San Marino,2014,56100
San Marino,2015,55900
San Marino,2016,56700
San Marino,2017,57300
San Marino,2018,57600
Sao Tome and Principe,2000,1960
Sao Tome and Principe,2001,1970
Sao Tome and Principe,2002,1980
Sao Tome and Principe,2003,2070
Sao Tome and Principe,2004,2110
Sao Tome and Principe,2005,2200
Sao Tome and Principe,2006,2340
Sao Tome and Principe,2007,2350
Sao Tome and Principe,2008,2470
Sao Tome and Principe,2009,2460
Sao Tome and Principe,2010,2560
Sao Tome and Principe,2011,2610
Sao Tome and Principe,2012,2640
Sao Tome and Principe,2013,2710
Sao Tome and Principe,2014,2840
Sao Tome and Principe,2015,2890
Sao Tome and Principe,2016,2950
Sao Tome and Principe,2017,3010
Sao Tome and Principe,2018,3030
Saudi Arabia,2000,43300
Saudi Arabia,2001,41700
Saudi Arabia,2002,39400
Saudi Arabia,2003,42500
Saudi Arabia,2004,44600
Saudi Arabia,2005,45700
Saudi Arabia,2006,45700
Saudi Arabia,2007,45300
Saudi Arabia,2008,46800
Saudi Arabia,2009,44500
Saudi Arabia,2010,45400
Saudi Arabia,2011,48500
Saudi Arabia,2012,49500
Saudi Arabia,2013,49400
Saudi Arabia,2014,49700
Saudi Arabia,2015,50500
Saudi Arabia,2016,50200
Saudi Arabia,2017,48800
Saudi Arabia,2018,49000
Senegal,2000,2420
Senegal,2001,2470
Senegal,2002,2430
Senegal,2003,2520
Senegal,2004,2610
Senegal,2005,2680
Senegal,2006,2680
Senegal,2007,2740
Senegal,2008,2770
Senegal,2009,2760
Senegal,2010,2780
Senegal,2011,2740
Senegal,2012,2800
Senegal,2013,2800
Senegal,2014,2900
Senegal,2015,3000
Senegal,2016,3100
Senegal,2017,3230
Senegal,2018,3360
Serbia,2000,7940
Serbia,2001,8350
Serbia,2002,8950
Serbia,2003,9370
Serbia,2004,10200
Serbia,2005,10800
Serbia,2006,11900
Serbia,2007,12800
Serbia,2008,13500
Serbia,2009,13200
Serbia,2010,13400
Serbia,2011,13700
Serbia,2012,13700
Serbia,2013,14200
Serbia,2014,14000
Serbia,2015,14300
Serbia,2016,14900
Serbia,2017,15300
Serbia,2018,16000
Seychelles,2000,18500
Seychelles,2001,18000
Seychelles,2002,17700
Seychelles,2003,16800
Seychelles,2004,16400
Seychelles,2005,17800
Seychelles,2006,19100
Seychelles,2007,21000
Seychelles,2008,20100
Seychelles,2009,19800
Seychelles,2010,20400
Seychelles,2011,22600
Seychelles,2012,22600
Seychelles,2013,23500
Seychelles,2014,24200
Seychelles,2015,24900
Seychelles,2016,25600
Seychelles,2017,26400
Seychelles,2018,27100
Sierra Leone,2000,909
Sierra Leone,2001,821
Sierra Leone,2002,993
Sierra Leone,2003,1040
Sierra Leone,2004,1060
Sierra Leone,2005,1060
Sierra Leone,2006,1070
Sierra Leone,2007,1130
Sierra Leone,2008,1160
Sierra Leone,2009,1170
Sierra Leone,2010,1210
Sierra Leone,2011,1260
Sierra Leone,2012,1410
Sierra Leone,2013,1670
Sierra Leone,2014,1710
Sierra Leone,2015,1330
Sierra Leone,2016,1380
Sierra Leone,2017,1400
Sierra Leone,2018,1430
Singapore,2000,52400
Singapore,2001,50400
Singapore,2002,51900
Singapore,2003,55100
Singapore,2004,59700
Singapore,2005,62600
Singapore,2006,66200
Singapore,2007,69200
Singapore,2008,66800
Singapore,2009,64900
Singapore,2010,73100
Singapore,2011,76000
Singapore,2012,77500
Singapore,2013,79900
Singapore,2014,82000
Singapore,2015,83300
Singapore,2016,84700
Singapore,2017,87800
Singapore,2018,90100
Slovak Republic,2000,15600
Slovak Republic,2001,16200
Slovak Republic,2002,16900
Slovak Republic,2003,17800
Slovak Republic,2004,18800
Slovak Republic,2005,20000
Slovak Republic,2006,21700
Slovak Republic,2007,24100
Slovak Republic,2008,25400
Slovak Republic,2009,24000
Slovak Republic,2010,25200
Slovak Republic,2011,25800
Slovak Republic,2012,26200
Slovak Republic,2013,26600
Slovak Republic,2014,27300
Slovak Republic,2015,28400
Slovak Republic,2016,29200
Slovak Republic,2017,30100
Slovak Republic,2018,31300
Slovenia,2000,22700
Slovenia,2001,23400
Slovenia,2002,24200
Slovenia,2003,24900
Slovenia,2004,26000
Slovenia,2005,27000
Slovenia,2006,28400
Slovenia,2007,30200
Slovenia,2008,31100
Slovenia,2009,28500
Slovenia,2010,28700
Slovenia,2011,28800
Slovenia,2012,28000
Slovenia,2013,27600
Slovenia,2014,28400
Slovenia,2015,29000
Slovenia,2016,29900
Slovenia,2017,31400
Slovenia,2018,32700
Solomon Islands,2000,1820
Solomon Islands,2001,1630
Solomon Islands,2002,1540
Solomon Islands,2003,1600
Solomon Islands,2004,1630
Solomon Islands,2005,1680
Solomon Islands,2006,1760
Solomon Islands,2007,1840
Solomon Islands,2008,1930
Solomon Islands,2009,1800
Solomon Islands,2010,1870
Solomon Islands,2011,2070
Solomon Islands,2012,2100
Solomon Islands,2013,2110
Solomon Islands,2014,2100
Solomon Islands,2015,2090
Solomon Islands,2016,2110
Solomon Islands,2017,2130
Solomon Islands,2018,2140
Somalia,2000,603
Somalia,2001,603
Somalia,2002,607
Somalia,2003,611
Somalia,2004,614
Somalia,2005,616
Somalia,2006,615
Somalia,2007,615
Somalia,2008,615
Somalia,2009,615
Somalia,2010,614
Somalia,2011,614
Somalia,2012,616
Somalia,2013,619
Somalia,2014,621
Somalia,2015,623
Somalia,2016,625
Somalia,2017,627
Somalia,2018,629
South Africa,2000,9700
South Africa,2001,9830
South Africa,2002,10100
South Africa,2003,10200
South Africa,2004,10600
South Africa,2005,11000
South Africa,2006,11500
South Africa,2007,11900
South Africa,2008,12100
South Africa,2009,11800
South Africa,2010,12000
South Africa,2011,12200
South Africa,2012,12300
South Africa,2013,12400
South Africa,2014,12400
South Africa,2015,12400
South Africa,2016,12200
South Africa,2017,12200
South Africa,2018,12100
South Korea,2000,20800
South Korea,2001,21500
South Korea,2002,23000
South Korea,2003,23500
South Korea,2004,24600
South Korea,2005,25500
South Korea,2006,26700
South Korea,2007,28000
South Korea,2008,28600
South Korea,2009,28600
South Korea,2010,30400
South Korea,2011,31200
South Korea,2012,31800
South Korea,2013,32500
South Korea,2014,33400
South Korea,2015,34200
South Korea,2016,35000
South Korea,2017,35900
South Korea,2018,36800
South Sudan,2000,2800
South Sudan,2001,2890
South Sudan,2002,2980
South Sudan,2003,3110
South Sudan,2004,3180
South Sudan,2005,3360
South Sudan,2006,3610
South Sudan,2007,3920
South Sudan,2008,3940
South Sudan,2009,3960
South Sudan,2010,4010
South Sudan,2011,3700
South Sudan,2012,1940
South Sudan,2013,2140
South Sudan,2014,2170
South Sudan,2015,1910
South Sudan,2016,1680
South Sudan,2017,1850
South Sudan,2018,1770
Spain,2000,30000
Spain,2001,31000
Spain,2002,31400
Spain,2003,31800
Spain,2004,32299
Spain,2005,32900
Spain,2006,33700
Spain,2007,34300
Spain,2008,34200
Spain,2009,32700
Spain,2010,32500
Spain,2011,32100
Spain,2012,31100
Spain,2013,30700
Spain,2014,31200
Spain,2015,32400
Spain,2016,33400
Spain,2017,34300
Spain,2018,35100
Sri Lanka,2000,5540
Sri Lanka,2001,5420
Sri Lanka,2002,5590
Sri Lanka,2003,5870
Sri Lanka,2004,6140
Sri Lanka,2005,6470
Sri Lanka,2006,6910
Sri Lanka,2007,7330
Sri Lanka,2008,7710
Sri Lanka,2009,7930
Sri Lanka,2010,8500
Sri Lanka,2011,9160
Sri Lanka,2012,9980
Sri Lanka,2013,10200
Sri Lanka,2014,10600
Sri Lanka,2015,11100
Sri Lanka,2016,11400
Sri Lanka,2017,11700
Sri Lanka,2018,12000
St. Kitts and Nevis,2000,22000
St. Kitts and Nevis,2001,22900
St. Kitts and Nevis,2002,23200
St. Kitts and Nevis,2003,22100
St. Kitts and Nevis,2004,22700
St. Kitts and Nevis,2005,24600
St. Kitts and Nevis,2006,25100
St. Kitts and Nevis,2007,24900
St. Kitts and Nevis,2008,26300
St. Kitts and Nevis,2009,25200
St. Kitts and Nevis,2010,24600
St. Kitts and Nevis,2011,24800
St. Kitts and Nevis,2012,24400
St. Kitts and Nevis,2013,25500
St. Kitts and Nevis,2014,26800
St. Kitts and Nevis,2015,27200
St. Kitts and Nevis,2016,27600
St. Kitts and Nevis,2017,27700
St. Kitts and Nevis,2018,28300
St. Lucia,2000,10700
St. Lucia,2001,10200
St. Lucia,2002,10200
St. Lucia,2003,10500
St. Lucia,2004,11200
St. Lucia,2005,11100
St. Lucia,2006,11600
St. Lucia,2007,11700
St. Lucia,2008,12100
St. Lucia,2009,11800
St. Lucia,2010,11700
St. Lucia,2011,12000
St. Lucia,2012,11900
St. Lucia,2013,11600
St. Lucia,2014,11600
St. Lucia,2015,11600
St. Lucia,2016,12000
St. Lucia,2017,12300
St. Lucia,2018,12300
St. Vincent and the Grenadines,2000,7560
St. Vincent and the Grenadines,2001,7680
St. Vincent and the Grenadines,2002,8160
St. Vincent and the Grenadines,2003,8760
St. Vincent and the Grenadines,2004,9110
St. Vincent and the Grenadines,2005,9330
St. Vincent and the Grenadines,2006,10000
St. Vincent and the Grenadines,2007,10400
St. Vincent and the Grenadines,2008,10600
St. Vincent and the Grenadines,2009,10400
St. Vincent and the Grenadines,2010,10000
St. Vincent and the Grenadines,2011,9970
St. Vincent and the Grenadines,2012,10100
St. Vincent and the Grenadines,2013,10300
St. Vincent and the Grenadines,2014,10400
St. Vincent and the Grenadines,2015,10500
St. Vincent and the Grenadines,2016,10600
St. Vincent and the Grenadines,2017,10700
St. Vincent and the Grenadines,2018,10900
Sudan,2000,2320
Sudan,2001,2400
Sudan,2002,2490
Sudan,2003,2610
Sudan,2004,2630
Sudan,2005,2750
Sudan,2006,2950
Sudan,2007,3190
Sudan,2008,3350
Sudan,2009,3370
Sudan,2010,3400
Sudan,2011,3640
Sudan,2012,4070
Sudan,2013,4150
Sudan,2014,4160
Sudan,2015,4260
Sudan,2016,4360
Sudan,2017,4440
Sudan,2018,4460
Suriname,2000,9800
Suriname,2001,10100
Suriname,2002,10300
Suriname,2003,10800
Suriname,2004,11600
Suriname,2005,11900
Suriname,2006,12500
Suriname,2007,13000
Suriname,2008,13300
Suriname,2009,13600
Suriname,2010,14100
Suriname,2011,14800
Suriname,2012,15000
Suriname,2013,15300
Suriname,2014,15200
Suriname,2015,14500
Suriname,2016,13500
Suriname,2017,13600
Suriname,2018,13800
Sweden,2000,36900
Sweden,2001,37400
Sweden,2002,38000
Sweden,2003,38800
Sweden,2004,40300
Sweden,2005,41300
Sweden,2006,43000
Sweden,2007,44100
Sweden,2008,43500
Sweden,2009,40900
Sweden,2010,43000
Sweden,2011,43800
Sweden,2012,43400
Sweden,2013,43500
Sweden,2014,44200
Sweden,2015,45700
Sweden,2016,46300
Sweden,2017,46700
Sweden,2018,47200
Switzerland,2000,50800
Switzerland,2001,51100
Switzerland,2002,50800
Switzerland,2003,50500
Switzerland,2004,51500
Switzerland,2005,52800
Switzerland,2006,54500
Switzerland,2007,56300
Switzerland,2008,56800
Switzerland,2009,54800
Switzerland,2010,55900
Switzerland,2011,56200
Switzerland,2012,56100
Switzerland,2013,56500
Switzerland,2014,57200
Switzerland,2015,57300
Switzerland,2016,57600
Switzerland,2017,58000
Switzerland,2018,59000
Syria,2000,5130
Syria,2001,5210
Syria,2002,5420
Syria,2003,5220
Syria,2004,5460
Syria,2005,5650
Syria,2006,5750
Syria,2007,5860
Syria,2008,5920
Syria,2009,6120
Syria,2010,6290
Syria,2011,5980
Syria,2012,4830
Syria,2013,4120
Syria,2014,3540
Syria,2015,3050
Syria,2016,3090
Syria,2017,3100
Syria,2018,2900
Taiwan,2000,25800
Taiwan,2001,25300
Taiwan,2002,26600
Taiwan,2003,27600
Taiwan,2004,29200
Taiwan,2005,30700
Taiwan,2006,32299
Taiwan,2007,34300
Taiwan,2008,34400
Taiwan,2009,33700
Taiwan,2010,37300
Taiwan,2011,38600
Taiwan,2012,39200
Taiwan,2013,40000
Taiwan,2014,41500
Taiwan,2015,41700
Taiwan,2016,42200
Taiwan,2017,42200
Taiwan,2018,43300
Tajikistan,2000,1190
Tajikistan,2001,1280
Tajikistan,2002,1390
Tajikistan,2003,1520
Tajikistan,2004,1640
Tajikistan,2005,1720
Tajikistan,2006,1810
Tajikistan,2007,1910
Tajikistan,2008,2020
Tajikistan,2009,2050
Tajikistan,2010,2140
Tajikistan,2011,2250
Tajikistan,2012,2360
Tajikistan,2013,2480
Tajikistan,2014,2580
Tajikistan,2015,2670
Tajikistan,2016,2790
Tajikistan,2017,2920
Tajikistan,2018,3060
Tanzania,2000,1570
Tanzania,2001,1620
Tanzania,2002,1690
Tanzania,2003,1750
Tanzania,2004,1830
Tanzania,2005,1910
Tanzania,2006,1980
Tanzania,2007,2050
Tanzania,2008,2110
Tanzania,2009,2160
Tanzania,2010,2230
Tanzania,2011,2330
Tanzania,2012,2360
Tanzania,2013,2450
Tanzania,2014,2540
Tanzania,2015,2610
Tanzania,2016,2710
Tanzania,2017,2810
Tanzania,2018,2920
Thailand,2000,9190
Thailand,2001,9420
Thailand,2002,9920
Thailand,2003,10500
Thailand,2004,11100
Thailand,2005,11500
Thailand,2006,12000
Thailand,2007,12600
Thailand,2008,12800
Thailand,2009,12600
Thailand,2010,13500
Thailand,2011,13500
Thailand,2012,14400
Thailand,2013,14800
Thailand,2014,14900
Thailand,2015,15300
Thailand,2016,15700
Thailand,2017,16300
Thailand,2018,16900
Timor-Leste,2000,3270
Timor-Leste,2001,3500
Timor-Leste,2002,3180
Timor-Leste,2003,3060
Timor-Leste,2004,4900
Timor-Leste,2005,6500
Timor-Leste,2006,9020
Timor-Leste,2007,9310
Timor-Leste,2008,10000
Timor-Leste,2009,9280
Timor-Leste,2010,9010
Timor-Leste,2011,9860
Timor-Leste,2012,10200
Timor-Leste,2013,8890
Timor-Leste,2014,6470
Timor-Leste,2015,7660
Timor-Leste,2016,7570
Timor-Leste,2017,6740
Timor-Leste,2018,6800
Togo,2000,1240
Togo,2001,1180
Togo,2002,1140
Togo,2003,1170
Togo,2004,1160
Togo,2005,1150
Togo,2006,1160
Togo,2007,1160
Togo,2008,1170
Togo,2009,1200
Togo,2010,1240
Togo,2011,1290
Togo,2012,1340
Togo,2013,1380
Togo,2014,1420
Togo,2015,1470
Togo,2016,1500
Togo,2017,1530
Togo,2018,1570
Tonga,2000,4610
Tonga,2001,4750
Tonga,2002,4880
Tonga,2003,4960
Tonga,2004,4910
Tonga,2005,4950
Tonga,2006,4880
Tonga,2007,4630
Tonga,2008,4740
Tonga,2009,4820
Tonga,2010,4990
Tonga,2011,5150
Tonga,2012,5240
Tonga,2013,5120
Tonga,2014,5270
Tonga,2015,5480
Tonga,2016,5640
Tonga,2017,5750
Tonga,2018,5700
Trinidad and Tobago,2000,18300
Trinidad and Tobago,2001,19000
Trinidad and Tobago,2002,20500
Trinidad and Tobago,2003,23300
Trinidad and Tobago,2004,25000
Trinidad and Tobago,2005,26400
Trinidad and Tobago,2006,29800
Trinidad and Tobago,2007,31100
Trinidad and Tobago,2008,32000
Trinidad and Tobago,2009,30400
Trinidad and Tobago,2010,31300
Trinidad and Tobago,2011,31000
Trinidad and Tobago,2012,31200
Trinidad and Tobago,2013,31600
Trinidad and Tobago,2014,31100
Trinidad and Tobago,2015,31500
Trinidad and Tobago,2016,29300
Trinidad and Tobago,2017,28600
Trinidad and Tobago,2018,28600
Tunisia,2000,7570
Tunisia,2001,7790
Tunisia,2002,7830
Tunisia,2003,8130
Tunisia,2004,8570
Tunisia,2005,8800
Tunisia,2006,9180
Tunisia,2007,9690
Tunisia,2008,10000
Tunisia,2009,10200
Tunisia,2010,10400
Tunisia,2011,10100
Tunisia,2012,10400
Tunisia,2013,10600
Tunisia,2014,10800
Tunisia,2015,10900
Tunisia,2016,10900
Tunisia,2017,10900
Tunisia,2018,11100
Turkey,2000,13900
Turkey,2001,12800
Turkey,2002,13500
Turkey,2003,14000
Turkey,2004,15200
Turkey,2005,16300
Turkey,2006,17300
Turkey,2007,17900
Turkey,2008,17800
Turkey,2009,16800
Turkey,2010,18000
Turkey,2011,19700
Turkey,2012,20300
Turkey,2013,21600
Turkey,2014,22300
Turkey,2015,23300
Turkey,2016,23700
Turkey,2017,25000
Turkey,2018,25300
Turkmenistan,2000,5330
Turkmenistan,2001,5510
Turkmenistan,2002,5470
Turkmenistan,2003,5590
Turkmenistan,2004,5810
Turkmenistan,2005,6500
Turkmenistan,2006,7130
Turkmenistan,2007,7820
Turkmenistan,2008,8850
Turkmenistan,2009,9250
Turkmenistan,2010,9940
Turkmenistan,2011,11200
Turkmenistan,2012,12200
Turkmenistan,2013,13200
Turkmenistan,2014,14300
Turkmenistan,2015,15000
Turkmenistan,2016,15600
Turkmenistan,2017,16400
Turkmenistan,2018,17100
Tuvalu,2000,3050
Tuvalu,2001,3070
Tuvalu,2002,3280
Tuvalu,2003,3120
Tuvalu,2004,3040
Tuvalu,2005,2880
Tuvalu,2006,2910
Tuvalu,2007,3070
Tuvalu,2008,3280
Tuvalu,2009,3100
Tuvalu,2010,2990
Tuvalu,2011,3180
Tuvalu,2012,3030
Tuvalu,2013,3130
Tuvalu,2014,3140
Tuvalu,2015,3390
Tuvalu,2016,3450
Tuvalu,2017,3550
Tuvalu,2018,3590
Uganda,2000,1070
Uganda,2001,1090
Uganda,2002,1150
Uganda,2003,1180
Uganda,2004,1220
Uganda,2005,1260
Uganda,2006,1350
Uganda,2007,1420
Uganda,2008,1500
Uganda,2009,1550
Uganda,2010,1590
Uganda,2011,1680
Uganda,2012,1690
Uganda,2013,1700
Uganda,2014,1720
Uganda,2015,1750
Uganda,2016,1770
Uganda,2017,1770
Uganda,2018,1810
Ukraine,2000,4800
Ukraine,2001,5290
Ukraine,2002,5630
Ukraine,2003,6210
Ukraine,2004,7020
Ukraine,2005,7280
Ukraine,2006,7870
Ukraine,2007,8520
Ukraine,2008,8770
Ukraine,2009,7510
Ukraine,2010,7820
Ukraine,2011,8280
Ukraine,2012,8320
Ukraine,2013,8340
Ukraine,2014,8240
Ukraine,2015,7470
Ukraine,2016,7680
Ukraine,2017,7910
Ukraine,2018,8200
United Arab Emirates,2000,103000
United Arab Emirates,2001,99400
United Arab Emirates,2002,96700
United Arab Emirates,2003,98600
United Arab Emirates,2004,98500
United Arab Emirates,2005,91600
United Arab Emirates,2006,87100
United Arab Emirates,2007,77200
United Arab Emirates,2008,69400
United Arab Emirates,2009,58800
United Arab Emirates,2010,55400
United Arab Emirates,2011,56600
United Arab Emirates,2012,57900
United Arab Emirates,2013,60400
United Arab Emirates,2014,62900
United Arab Emirates,2015,65800
United Arab Emirates,2016,67000
United Arab Emirates,2017,66700
United Arab Emirates,2018,66600
United Kingdom,2000,33200
United Kingdom,2001,34000
United Kingdom,2002,34700
United Kingdom,2003,35700
United Kingdom,2004,36300
United Kingdom,2005,37200
United Kingdom,2006,37800
United Kingdom,2007,38500
United Kingdom,2008,38100
United Kingdom,2009,36200
United Kingdom,2010,36500
United Kingdom,2011,36800
United Kingdom,2012,37100
United Kingdom,2013,37600
United Kingdom,2014,38400
United Kingdom,2015,39000
United Kingdom,2016,39400
United Kingdom,2017,39900
United Kingdom,2018,40200
United States,2000,45700
United States,2001,45700
United States,2002,46000
United States,2003,46900
United States,2004,48300
United States,2005,49500
United States,2006,50400
United States,2007,50900
United States,2008,50400
United States,2009,48600
United States,2010,49500
United States,2011,49900
United States,2012,50600
United States,2013,51200
United States,2014,52100
United States,2015,53200
United States,2016,53600
United States,2017,54500
United States,2018,55700
Uruguay,2000,12900
Uruguay,2001,12400
Uruguay,2002,11400
Uruguay,2003,11500
Uruguay,2004,12100
Uruguay,2005,13000
Uruguay,2006,13500
Uruguay,2007,14400
Uruguay,2008,15400
Uruguay,2009,16000
Uruguay,2010,17200
Uruguay,2011,18000
Uruguay,2012,18600
Uruguay,2013,19400
Uruguay,2014,19900
Uruguay,2015,19900
Uruguay,2016,20200
Uruguay,2017,20700
Uruguay,2018,20900
Uzbekistan,2000,2520
Uzbekistan,2001,2590
Uzbekistan,2002,2660
Uzbekistan,2003,2740
Uzbekistan,2004,2910
Uzbekistan,2005,3080
Uzbekistan,2006,3270
Uzbekistan,2007,3530
Uzbekistan,2008,3790
Uzbekistan,2009,4020
Uzbekistan,2010,4240
Uzbekistan,2011,4470
Uzbekistan,2012,4770
Uzbekistan,2013,5070
Uzbekistan,2014,5340
Uzbekistan,2015,5640
Uzbekistan,2016,5880
Uzbekistan,2017,6040
Uzbekistan,2018,6240
Vanuatu,2000,2820
Vanuatu,2001,2670
Vanuatu,2002,2470
Vanuatu,2003,2510
Vanuatu,2004,2540
Vanuatu,2005,2610
Vanuatu,2006,2760
Vanuatu,2007,2840
Vanuatu,2008,2950
Vanuatu,2009,2980
Vanuatu,2010,2950
Vanuatu,2011,2910
Vanuatu,2012,2880
Vanuatu,2013,2850
Vanuatu,2014,2840
Vanuatu,2015,2740
Vanuatu,2016,2780
Vanuatu,2017,2830
Vanuatu,2018,2850
Venezuela,2000,14600
Venezuela,2001,14800
Venezuela,2002,13300
Venezuela,2003,12000
Venezuela,2004,14000
Venezuela,2005,15100
Venezuela,2006,16400
Venezuela,2007,17600
Venezuela,2008,18200
Venezuela,2009,17400
Venezuela,2010,16900
Venezuela,2011,17300
Venezuela,2012,18000
Venezuela,2013,18000
Venezuela,2014,17100
Venezuela,2015,15600
Venezuela,2016,15200
Venezuela,2017,14500
Venezuela,2018,12500
Vietnam,2000,2570
Vietnam,2001,2710
Vietnam,2002,2850
Vietnam,2003,3020
Vietnam,2004,3210
Vietnam,2005,3430
Vietnam,2006,3630
Vietnam,2007,3850
Vietnam,2008,4030
Vietnam,2009,4210
Vietnam,2010,4430
Vietnam,2011,4660
Vietnam,2012,4860
Vietnam,2013,5070
Vietnam,2014,5310
Vietnam,2015,5610
Vietnam,2016,5900
Vietnam,2017,6230
Vietnam,2018,6610
Yemen,2000,4000
Yemen,2001,4030
Yemen,2002,4070
Yemen,2003,4100
Yemen,2004,4150
Yemen,2005,4250
Yemen,2006,4270
Yemen,2007,4290
Yemen,2008,4320
Yemen,2009,4360
Yemen,2010,4570
Yemen,2011,3880
Yemen,2012,3860
Yemen,2013,3940
Yemen,2014,3830
Yemen,2015,3110
Yemen,2016,2620
Yemen,2017,2400
Yemen,2018,2360
Zambia,2000,2130
Zambia,2001,2180
Zambia,2002,2220
Zambia,2003,2320
Zambia,2004,2420
Zambia,2005,2520
Zambia,2006,2650
Zambia,2007,2800
Zambia,2008,2930
Zambia,2009,3120
Zambia,2010,3340
Zambia,2011,3420
Zambia,2012,3570
Zambia,2013,3630
Zambia,2014,3690
Zambia,2015,3680
Zambia,2016,3700
Zambia,2017,3720
Zambia,2018,3740
Zimbabwe,2000,2950
Zimbabwe,2001,2980
Zimbabwe,2002,2710
Zimbabwe,2003,2240
Zimbabwe,2004,2100
Zimbabwe,2005,1980
Zimbabwe,2006,1890
Zimbabwe,2007,1810
Zimbabwe,2008,1480
Zimbabwe,2009,1630
Zimbabwe,2010,1930
Zimbabwe,2011,2170
Zimbabwe,2012,2490
Zimbabwe,2013,2490
Zimbabwe,2014,2510
Zimbabwe,2015,2510
Zimbabwe,2016,2490
Zimbabwe,2017,2570
Zimbabwe,2018,2620
